"signature","major_cancer_type","n_msi","n_mss","msi_pos","msi_neg","mss_pos","mss_neg","msi_pos_rate","mss_pos_rate","odds_ratio","p_value","p_adj"
"C_ID7/InsDel7","Colon",24,628,24,0,18,610,1,0.0286624203821656,Inf,9.67134232494304e-33,3.65576739882847e-30
"C_ID7/InsDel7","Prostate",19,682,19,0,8,674,1,0.0117302052785924,Inf,2.94920499944403e-31,5.57399744894922e-29
"ID_N/InsDel_N_beta","Colon",24,628,0,24,569,59,0,0.906050955414013,0,1.25380687790571e-23,1.5797966661612e-21
"C_ID7/InsDel7","Uterus",16,106,16,0,4,102,1,0.0377358490566038,Inf,1.17669865096595e-16,1.11198022516282e-14
"C_ID2/InsDel2b","Colon",24,628,13,11,8,620,0.541666666666667,0.0127388535031847,88.0197495766586,8.14527813898711e-16,6.15783027307426e-14
"C_ID2/InsDel2c","Colon",24,628,10,14,4,624,0.416666666666667,0.00636942675159236,106.949787358166,5.07604555242779e-13,3.19790869802951e-11
"C_ID7/InsDel7","Breast",6,947,6,0,6,941,1,0.00633579725448786,Inf,9.02185715704701e-13,4.87180286480538e-11
"ID_J/InsDel_J","Colon",24,628,12,12,14,614,0.5,0.0222929936305732,42.8467406092264,1.83397835678555e-12,8.66554773581171e-11
"C_ID2/InsDel2b","Uterus",16,106,11,5,2,104,0.6875,0.0188679245283019,101.100073475472,2.23078198370105e-10,9.36928433154441e-09
"C_ID7/InsDel7","Stomach",6,113,6,0,3,110,1,0.0265486725663717,Inf,2.42067380823133e-08,8.95719776052563e-07
"C_ID1/InsDel1a","Colon",24,628,1,23,373,255,0.0416666666666667,0.593949044585987,0.0298314559760685,2.6065919408937e-08,8.95719776052563e-07
"C_ID2/InsDel2c","Prostate",19,682,7,12,12,670,0.368421052631579,0.0175953079178886,31.8750332141882,1.31886478874557e-07,3.83485300112173e-06
"ID_J/InsDel_J","Prostate",19,682,7,12,12,670,0.368421052631579,0.0175953079178886,31.8750332141882,1.31886478874557e-07,3.83485300112173e-06
"C_ID2/InsDel2b","Stomach",6,113,6,0,7,106,1,0.0619469026548673,Inf,4.94509077967258e-07,1.3351745105116e-05
"C_ID7/InsDel7","CNS",5,367,3,2,0,367,0.6,0,Inf,1.17498595891779e-06,2.96096461647283e-05
"C_ID1/InsDel1a","Uterus",16,106,0,16,64,42,0,0.60377358490566,0,1.94198223391814e-06,4.56948860754544e-05
"ID_D/InsDel_D","Colon",24,628,7,17,13,615,0.291666666666667,0.0207006369426752,19.1834823233382,2.05506101397546e-06,4.56948860754544e-05
"C_ID7/InsDel7","Other",3,350,3,0,3,347,1,0.00857142857142857,Inf,2.75141918201408e-06,5.47387605684907e-05
"ID_J/InsDel_J","Other",3,350,3,0,3,347,1,0.00857142857142857,Inf,2.75141918201408e-06,5.47387605684907e-05
"ID_D/InsDel_D","Prostate",19,682,8,11,33,649,0.421052631578947,0.0483870967741935,14.1553363597977,3.22436200923968e-06,6.09404419746299e-05
"ID_J/InsDel_J","Breast",6,947,3,3,5,942,0.5,0.00527983104540655,174.162501247182,7.69666857317177e-06,0.000134844389574431
"C_ID7/InsDel7","Bladder",3,195,3,0,2,193,1,0.0102564102564103,Inf,7.84808616570764e-06,0.000134844389574431
"C_ID14/InsDel14","Colon",24,628,0,24,244,384,0,0.388535031847134,0,1.35878317570491e-05,0.000217456634182098
"ID_N/InsDel_N_beta","Uterus",16,106,0,16,58,48,0,0.547169811320755,0,1.38067704242602e-05,0.000217456634182098
"ID_D/InsDel_D","Uterus",16,106,8,8,6,100,0.5,0.0566037735849057,15.9103640032758,2.70777109251067e-05,0.000400524222795761
"C_ID2/InsDel2c","Stomach",6,113,4,2,2,111,0.666666666666667,0.0176991150442478,90.9691583593205,2.7549285165846e-05,0.000400524222795761
"C_ID2/InsDel2a","Prostate",19,682,5,14,11,671,0.263157894736842,0.0161290322580645,21.4249809796131,3.03061335172325e-05,0.000424285869241255
"C_ID2/InsDel2a","CNS",5,367,3,2,4,363,0.6,0.0108991825613079,121.363765116439,4.04579978807606e-05,0.000546182971390269
"ID_J/InsDel_J","Lung",2,574,2,0,3,571,1,0.00522648083623693,Inf,6.03864734299518e-05,0.000787106446776613
"C_ID7/InsDel7","Skin",2,430,2,0,2,428,1,0.00465116279069767,Inf,6.44496004124776e-05,0.000812064965197218
"C_ID7/InsDel7","Kidney",2,304,2,0,2,302,1,0.00657894736842105,Inf,0.000128576020572163,0.00156779792826702
"ID_J/InsDel_J","CNS",5,367,3,2,7,360,0.6,0.0190735694822888,71.9356090750346,0.000137012334070582,0.00161845819620876
"ID_D/InsDel_D","Lung",2,574,2,0,6,568,1,0.0104529616724739,Inf,0.000169082125603865,0.00193675889328064
"ID_D/InsDel_D","CNS",5,367,4,1,27,340,0.8,0.0735694822888283,48.9197750279149,0.000188622765104888,0.00209704132969552
"C_ID7/InsDel7","Lung",2,574,2,0,7,567,1,0.0121951219512195,Inf,0.000217391304347826,0.00234782608695652
"ID_N/InsDel_N_beta","Stomach",6,113,0,6,85,28,0,0.752212389380531,0,0.000387568319926851,0.00406946735923193
"C_ID19/InsDel19b","Uterus",16,106,0,16,44,62,0,0.415094339622642,0,0.000522452993909483,0.00533749274858877
"C_ID5/InsDel5a","Prostate",19,682,0,19,225,457,0,0.329912023460411,0,0.0007684173963115,0.0076437309422565
"ID_D/InsDel_D","Bladder",3,195,2,1,3,192,0.666666666666667,0.0153846153846154,106.736490988742,0.00152252871614728,0.0147568167872736
"C_ID19/InsDel19b","Colon",24,628,0,24,154,474,0,0.245222929936306,0,0.00231546253966968,0.0218811209998785
"ID_J/InsDel_J","Uterus",16,106,4,12,2,104,0.25,0.0188679245283019,16.5476935146943,0.00262221959871188,0.024175585568612
"ID_J/InsDel_J","Skin",2,430,1,1,0,430,0.5,0,Inf,0.00462962962962963,0.0416666666666666
"C_ID2/InsDel2a","Bladder",3,195,2,1,7,188,0.666666666666667,0.0358974358974359,49.4171839344216,0.00540576175093942,0.0475204172524442
"ID_N/InsDel_N_beta","Prostate",19,682,0,19,183,499,0,0.268328445747801,0,0.00584278918697247,0.0501948707426271
"C_ID2/InsDel2c","Lung",2,574,1,1,1,573,0.5,0.00174216027874564,403.037024290695,0.00693840579710144,0.0582826086956521
"C_ID2/InsDel2b","Other",3,350,1,2,0,350,0.333333333333333,0,Inf,0.0084985835694051,0.0683503104092581
"C_ID13/InsDel13","Other",3,350,1,2,0,350,0.333333333333333,0,Inf,0.0084985835694051,0.0683503104092581
"C_ID1/InsDel1a","Prostate",19,682,9,10,516,166,0.473684210526316,0.756598240469208,0.290167299212625,0.0121221261668101,0.0954617435636297
"ID_D/InsDel_D","Skin",2,430,1,1,2,428,0.5,0.00465116279069767,174.541359148391,0.0138566640886826,0.10689426582698
"C_ID5/InsDel5a","Kidney",2,304,0,2,267,37,0,0.878289473684211,0,0.0158791385406622,0.120046287367406
"C_ID9/InsDel9","Uterus",16,106,0,16,28,78,0,0.264150943396226,0,0.0215562416335709,0.159769790931172
"C_ID2/InsDel2c","Breast",6,947,1,5,3,944,0.166666666666667,0.00316789862724393,60.25760728349,0.024985786077346,0.181627444946862
"C_ID1/InsDel1a","Breast",6,947,1,5,607,340,0.166666666666667,0.640971488912355,0.112243657571955,0.025674309447184,0.183111112661048
"ID_N/InsDel_N_beta","Bladder",3,195,0,3,136,59,0,0.697435897435897,0,0.0296814618787063,0.207207282795654
"C_ID2/InsDel2c","Bladder",3,195,1,2,1,194,0.333333333333333,0.00512820512820513,79.359133279702,0.0301492078141824,0.207207282795654
"C_ID19/InsDel19b","Breast",6,947,0,6,467,480,0,0.493136219640971,0,0.0309445832342149,0.20887593683095
"ID_B/InsDel_B","Prostate",19,682,0,19,124,558,0,0.181818181818182,0,0.0337612378440817,0.22389031412391
"C_ID4/InsDel4","Uterus",16,106,0,16,23,83,0,0.216981132075472,0,0.0401313483550894,0.259253490078678
"ID_B/InsDel_B","Uterus",16,106,0,16,25,81,0,0.235849056603774,0,0.0404654918376772,0.259253490078678
"C_ID1/InsDel1c","Other",3,350,1,2,4,346,0.333333333333333,0.0114285714285714,40.308152918295,0.0420114194901731,0.26467194278809
"ID_N/InsDel_N_alpha","Uterus",16,106,2,14,1,105,0.125,0.00943396226415094,14.3840844432927,0.0449803549654518,0.27431742156648
"ID_J/InsDel_J","Bladder",3,195,1,2,2,193,0.333333333333333,0.0102564102564103,42.6102524172629,0.0449938627966184,0.27431742156648
"C_ID1/InsDel1c","Uterus",16,106,3,13,4,102,0.1875,0.0377358490566038,5.74580741942759,0.0471486635947157,0.282891981568294
"C_ID2/InsDel2a","Other",3,350,1,2,5,345,0.333333333333333,0.0142857142857143,32.5663452058258,0.0502699417359474,0.29690684337794
"C_ID9/InsDel9","Prostate",19,682,0,19,109,573,0,0.159824046920821,0,0.056717488201833,0.328859814018392
"C_ID19/InsDel19b","Prostate",19,682,1,18,179,503,0.0526315789473684,0.262463343108504,0.156357825457892,0.0574199675270209,0.328859814018392
"ID_D/InsDel_D","Breast",6,947,1,5,9,938,0.166666666666667,0.00950369588173178,20.5059150559316,0.0614876710520992,0.346900591905873
"C_ID19/InsDel19b","Other",3,350,0,3,212,138,0,0.605714285714286,0,0.062912575306343,0.349719903908789
"C_ID1/InsDel1a","Bladder",3,195,0,3,106,89,0,0.543589743589744,0,0.0985562660689565,0.539916935856023
"C_ID3/InsDel3b","Colon",24,628,1,23,2,626,0.0416666666666667,0.00318471337579618,13.4347019858748,0.106571963559891,0.571166564605022
"C_ID3/InsDel3b","Lung",2,574,0,2,387,187,0,0.674216027874564,0,0.107282608695652,0.571166564605022
"C_ID1/InsDel1c","Kidney",2,304,1,1,17,287,0.5,0.0559210526315789,16.434985337157,0.114368370298939,0.600433944069431
"ID_K/InsDel_K","Uterus",16,106,1,15,0,106,0.0625,0,Inf,0.131147540983606,0.679092746463058
"C_ID1/InsDel1c","Colon",24,628,1,23,3,625,0.0416666666666667,0.00477707006369427,8.97372927131781,0.139610904814996,0.703638960267579
"ID_E/InsDel_E","Colon",24,628,1,23,3,625,0.0416666666666667,0.00477707006369427,8.97372927131781,0.139610904814996,0.703638960267579
"ID_D/InsDel_D","Stomach",6,113,1,5,2,111,0.166666666666667,0.0176991150442478,10.5196080094187,0.144924201753713,0.71144608133641
"ID_J/InsDel_J","Stomach",6,113,1,5,2,111,0.166666666666667,0.0176991150442478,10.5196080094187,0.144924201753713,0.71144608133641
"C_ID1/InsDel1c","Skin",2,430,1,1,33,397,0.5,0.0767441860465116,11.8671817411018,0.151381369768841,0.729700769905989
"C_ID2/InsDel2b","Prostate",19,682,1,18,5,677,0.0526315789473684,0.00733137829912024,7.46613376873414,0.152503600059717,0.729700769905989
"C_ID18/InsDel18","Colon",24,628,0,24,58,570,0,0.0923566878980892,0,0.155703865643538,0.735700765165715
"C_ID9/InsDel9","CNS",5,367,0,5,125,242,0,0.340599455040872,0,0.172776625582005,0.806290919382692
"ID_N/InsDel_N_beta","Breast",6,947,0,6,311,636,0,0.328405491024287,0,0.185444056863077,0.85121074196833
"ID_B/InsDel_B","Breast",6,947,0,6,285,662,0,0.300950369588173,0,0.186906062389871,0.85121074196833
"C_ID19/InsDel19b","Skin",2,430,0,2,240,190,0,0.558139534883721,0,0.196957978860531,0.875816012576667
"ID_A/InsDel_A_beta","CNS",5,367,1,4,15,352,0.2,0.0408719346049046,5.80523606391498,0.19831044832965,0.875816012576667
"C_ID4/InsDel4","Breast",6,947,0,6,257,690,0,0.271383315733897,0,0.199259727729083,0.875816012576667
"C_ID1/InsDel1a","Lung",2,574,0,2,316,258,0,0.550522648083624,0,0.203321256038647,0.88339580209895
"C_ID1/InsDel1a","Other",3,350,1,2,241,109,0.333333333333333,0.688571428571429,0.227205251816279,0.233764012977894,1
"C_ID4/InsDel4","Kidney",2,304,1,1,38,266,0.5,0.125,6.9225333750253,0.239022822243652,1
"C_ID2/InsDel2a","Colon",24,628,3,21,44,584,0.125,0.0700636942675159,1.89377248147571,0.246059421228065,1
"ID_A/InsDel_A_alpha","Colon",24,628,0,24,51,577,0,0.0812101910828025,0,0.246189763197311,1
"C_ID1/InsDel1c","Prostate",19,682,0,19,75,607,0,0.109970674486804,0,0.248667619672862,1
"C_ID6/InsDel6","Prostate",19,682,0,19,75,607,0,0.109970674486804,0,0.248667619672862,1
"C_ID19/InsDel19b","Bladder",3,195,0,3,81,114,0,0.415384615384615,0,0.27111213659437,1
"C_ID6/InsDel6","Breast",6,947,0,6,197,750,0,0.208025343189018,0,0.354842692777036,1
"C_ID5/InsDel5a","Uterus",16,106,0,16,11,95,0,0.10377358490566,0,0.355992041443755,1
"C_ID6/InsDel6","Uterus",16,106,0,16,12,94,0,0.113207547169811,0,0.362854934093932,1
"C_ID12/InsDel12","Prostate",19,682,0,19,51,631,0,0.0747800586510264,0,0.387543229341113,1
"ID_B/InsDel_B","Bladder",3,195,1,2,29,166,0.333333333333333,0.148717948717949,2.84127961319328,0.390818994879909,1
"C_ID13/InsDel13","Skin",2,430,1,1,322,108,0.5,0.748837209302326,0.336434069060948,0.441404571624989,1
"C_ID1/InsDel1a","Kidney",2,304,1,1,89,215,0.5,0.292763157894737,2.40786983139669,0.502410800385728,1
"C_ID1/InsDel1a","Skin",2,430,0,2,188,242,0,0.437209302325581,0,0.507261321646473,1
"ID_N/InsDel_N_beta","Other",3,350,0,3,113,237,0,0.322857142857143,0,0.554154532908074,1
"ID_N/InsDel_N_beta","CNS",5,367,0,5,76,291,0,0.20708446866485,0,0.587789057784198,1
"C_ID19/InsDel19b","CNS",5,367,0,5,68,299,0,0.185286103542234,0,0.589440780278352,1
"C_ID19/InsDel19b","Stomach",6,113,0,6,17,96,0,0.150442477876106,0,0.591955549021619,1
"C_ID10/InsDel10","Uterus",16,106,0,16,8,98,0,0.0754716981132075,0,0.595051181235659,1
"ID_B/InsDel_B","Colon",24,628,0,24,30,598,0,0.0477707006369427,0,0.619949606183411,1
"C_ID4/InsDel4","CNS",5,367,1,4,152,215,0.2,0.4141689373297,0.354468162712261,0.652541770246206,1
"C_ID3/InsDel3b","Bladder",3,195,0,3,42,153,0,0.215384615384615,0,1,1
"C_ID3/InsDel3a","Breast",6,947,0,6,8,939,0,0.00844772967265047,0,1,1
"C_ID3/InsDel3b","Breast",6,947,0,6,16,931,0,0.0168954593453009,0,1,1
"C_ID5/InsDel5a","Breast",6,947,0,6,104,843,0,0.109820485744456,0,1,1
"C_ID11/InsDel11","Breast",6,947,0,6,1,946,0,0.00105596620908131,0,1,1
"C_ID13/InsDel13","Breast",6,947,0,6,1,946,0,0.00105596620908131,0,1,1
"C_ID1/InsDel1b","CNS",5,367,0,5,15,352,0,0.0408719346049046,0,1,1
"C_ID5/InsDel5a","CNS",5,367,0,5,15,352,0,0.0408719346049046,0,1,1
"C_ID8/InsDel8","CNS",5,367,0,5,10,357,0,0.0272479564032698,0,1,1
"C_ID14/InsDel14","CNS",5,367,0,5,1,366,0,0.00272479564032698,0,1,1
"ID_E/InsDel_E","CNS",5,367,0,5,1,366,0,0.00272479564032698,0,1,1
"ID_F/InsDel_F","CNS",5,367,0,5,13,354,0,0.0354223433242507,0,1,1
"ID_G/InsDel_G","CNS",5,367,0,5,1,366,0,0.00272479564032698,0,1,1
"ID_K/InsDel_K","CNS",5,367,0,5,1,366,0,0.00272479564032698,0,1,1
"ID_M/InsDel_M","CNS",5,367,0,5,1,366,0,0.00272479564032698,0,1,1
"C_ID5/InsDel5c","Kidney",2,304,0,2,9,295,0,0.0296052631578947,0,1,1
"ID_N/InsDel_N_beta","Kidney",2,304,0,2,9,295,0,0.0296052631578947,0,1,1
"C_ID2/InsDel2a","Lung",2,574,0,2,20,554,0,0.0348432055749129,0,1,1
"C_ID8/InsDel8","Lung",2,574,0,2,15,559,0,0.0261324041811847,0,1,1
"C_ID5/InsDel5a","Other",3,350,0,3,45,305,0,0.128571428571429,0,1,1
"C_ID5/InsDel5b","Other",3,350,0,3,1,349,0,0.00285714285714286,0,1,1
"C_ID8/InsDel8","Other",3,350,0,3,8,342,0,0.0228571428571429,0,1,1
"C_ID11/InsDel11","Other",3,350,0,3,1,349,0,0.00285714285714286,0,1,1
"C_ID17/InsDel17","Other",3,350,0,3,3,347,0,0.00857142857142857,0,1,1
"C_ID18/InsDel18","Other",3,350,0,3,3,347,0,0.00857142857142857,0,1,1
"C_ID19/InsDel19a","Other",3,350,0,3,3,347,0,0.00857142857142857,0,1,1
"C_ID23/InsDel23","Other",3,350,0,3,1,349,0,0.00285714285714286,0,1,1
"ID_A/InsDel_A_alpha","Other",3,350,0,3,15,335,0,0.0428571428571429,0,1,1
"ID_B/InsDel_B","Other",3,350,0,3,81,269,0,0.231428571428571,0,1,1
"ID_G/InsDel_G","Other",3,350,0,3,8,342,0,0.0228571428571429,0,1,1
"ID_H/InsDel_H","Other",3,350,0,3,1,349,0,0.00285714285714286,0,1,1
"ID_K/InsDel_K","Other",3,350,0,3,1,349,0,0.00285714285714286,0,1,1
"ID_M/InsDel_M","Other",3,350,0,3,1,349,0,0.00285714285714286,0,1,1
"ID_N/InsDel_N_alpha","Other",3,350,0,3,1,349,0,0.00285714285714286,0,1,1
"C_ID1/InsDel1b","Prostate",19,682,0,19,16,666,0,0.0234604105571848,0,1,1
"ID_E/InsDel_E","Prostate",19,682,0,19,8,674,0,0.0117302052785924,0,1,1
"ID_F/InsDel_F","Prostate",19,682,0,19,9,673,0,0.0131964809384164,0,1,1
"ID_N/InsDel_N_alpha","Prostate",19,682,0,19,6,676,0,0.00879765395894428,0,1,1
"C_ID2/InsDel2b","Skin",2,430,0,2,2,428,0,0.00465116279069767,0,1,1
"C_ID4/InsDel4","Skin",2,430,0,2,28,402,0,0.0651162790697674,0,1,1
"C_ID5/InsDel5b","Skin",2,430,0,2,1,429,0,0.00232558139534884,0,1,1
"C_ID10/InsDel10","Skin",2,430,0,2,8,422,0,0.0186046511627907,0,1,1
"C_ID14/InsDel14","Skin",2,430,0,2,2,428,0,0.00465116279069767,0,1,1
"C_ID17/InsDel17","Skin",2,430,0,2,1,429,0,0.00232558139534884,0,1,1
"ID_C/InsDel_C","Skin",2,430,0,2,1,429,0,0.00232558139534884,0,1,1
"ID_F/InsDel_F","Skin",2,430,0,2,8,422,0,0.0186046511627907,0,1,1
"ID_G/InsDel_G","Skin",2,430,0,2,1,429,0,0.00232558139534884,0,1,1
"C_ID1/InsDel1b","Bladder",3,195,0,3,1,194,0,0.00512820512820513,0,1,1
"C_ID1/InsDel1c","Bladder",3,195,0,3,8,187,0,0.041025641025641,0,1,1
"C_ID3/InsDel3a","Bladder",3,195,0,3,27,168,0,0.138461538461538,0,1,1
"C_ID4/InsDel4","Bladder",3,195,0,3,7,188,0,0.0358974358974359,0,1,1
"C_ID5/InsDel5a","Bladder",3,195,0,3,16,179,0,0.0820512820512821,0,1,1
"C_ID5/InsDel5b","Bladder",3,195,0,3,1,194,0,0.00512820512820513,0,1,1
"C_ID5/InsDel5c","Bladder",3,195,0,3,4,191,0,0.0205128205128205,0,1,1
"C_ID6/InsDel6","Bladder",3,195,0,3,17,178,0,0.0871794871794872,0,1,1
"C_ID8/InsDel8","Bladder",3,195,0,3,23,172,0,0.117948717948718,0,1,1
"C_ID9/InsDel9","Bladder",3,195,0,3,26,169,0,0.133333333333333,0,1,1
"C_ID10/InsDel10","Bladder",3,195,0,3,7,188,0,0.0358974358974359,0,1,1
"C_ID14/InsDel14","Bladder",3,195,0,3,3,192,0,0.0153846153846154,0,1,1
"C_ID18/InsDel18","Bladder",3,195,0,3,4,191,0,0.0205128205128205,0,1,1
"ID_A/InsDel_A_alpha","Bladder",3,195,0,3,11,184,0,0.0564102564102564,0,1,1
"ID_A/InsDel_A_beta","Bladder",3,195,0,3,6,189,0,0.0307692307692308,0,1,1
"ID_E/InsDel_E","Bladder",3,195,0,3,1,194,0,0.00512820512820513,0,1,1
"ID_G/InsDel_G","Bladder",3,195,0,3,4,191,0,0.0205128205128205,0,1,1
"ID_I/InsDel_I","Bladder",3,195,0,3,1,194,0,0.00512820512820513,0,1,1
"C_ID1/InsDel1b","Breast",6,947,0,6,23,924,0,0.0242872228088701,0,1,1
"C_ID1/InsDel1c","Breast",6,947,0,6,51,896,0,0.0538542766631468,0,1,1
"C_ID2/InsDel2a","Breast",6,947,0,6,18,929,0,0.0190073917634636,0,1,1
"C_ID2/InsDel2b","Breast",6,947,0,6,4,943,0,0.00422386483632524,0,1,1
"C_ID5/InsDel5c","Breast",6,947,0,6,37,910,0,0.0390707497360085,0,1,1
"C_ID8/InsDel8","Breast",6,947,0,6,88,859,0,0.0929250263991552,0,1,1
"C_ID9/InsDel9","Breast",6,947,0,6,128,819,0,0.135163674762408,0,1,1
"C_ID10/InsDel10","Breast",6,947,0,6,23,924,0,0.0242872228088701,0,1,1
"C_ID17/InsDel17","Breast",6,947,0,6,15,932,0,0.0158394931362196,0,1,1
"C_ID19/InsDel19a","Breast",6,947,0,6,14,933,0,0.0147835269271383,0,1,1
"C_ID23/InsDel23","Breast",6,947,0,6,13,934,0,0.013727560718057,0,1,1
"ID_A/InsDel_A_alpha","Breast",6,947,0,6,45,902,0,0.0475184794086589,0,1,1
"ID_A/InsDel_A_beta","Breast",6,947,0,6,57,890,0,0.0601900739176346,0,1,1
"ID_C/InsDel_C","Breast",6,947,0,6,4,943,0,0.00422386483632524,0,1,1
"ID_E/InsDel_E","Breast",6,947,0,6,19,928,0,0.0200633579725449,0,1,1
"ID_F/InsDel_F","Breast",6,947,0,6,12,935,0,0.0126715945089757,0,1,1
"ID_H/InsDel_H","Breast",6,947,0,6,4,943,0,0.00422386483632524,0,1,1
"ID_N/InsDel_N_alpha","Breast",6,947,0,6,5,942,0,0.00527983104540655,0,1,1
"C_ID1/InsDel1a","CNS",5,367,2,3,162,205,0.4,0.44141689373297,0.844002903258858,1,1
"C_ID1/InsDel1c","CNS",5,367,0,5,38,329,0,0.103542234332425,0,1,1
"C_ID2/InsDel2b","CNS",5,367,0,5,8,359,0,0.0217983651226158,0,1,1
"C_ID3/InsDel3a","CNS",5,367,0,5,4,363,0,0.0108991825613079,0,1,1
"C_ID3/InsDel3b","CNS",5,367,0,5,6,361,0,0.0163487738419619,0,1,1
"C_ID5/InsDel5b","CNS",5,367,0,5,3,364,0,0.00817438692098093,0,1,1
"C_ID5/InsDel5c","CNS",5,367,0,5,3,364,0,0.00817438692098093,0,1,1
"C_ID6/InsDel6","CNS",5,367,0,5,3,364,0,0.00817438692098093,0,1,1
"C_ID10/InsDel10","CNS",5,367,0,5,45,322,0,0.122615803814714,0,1,1
"C_ID11/InsDel11","CNS",5,367,0,5,4,363,0,0.0108991825613079,0,1,1
"C_ID12/InsDel12","CNS",5,367,0,5,2,365,0,0.00544959128065395,0,1,1
"C_ID13/InsDel13","CNS",5,367,0,5,2,365,0,0.00544959128065395,0,1,1
"C_ID17/InsDel17","CNS",5,367,0,5,7,360,0,0.0190735694822888,0,1,1
"C_ID18/InsDel18","CNS",5,367,0,5,5,362,0,0.0136239782016349,0,1,1
"C_ID19/InsDel19a","CNS",5,367,0,5,2,365,0,0.00544959128065395,0,1,1
"C_ID23/InsDel23","CNS",5,367,0,5,5,362,0,0.0136239782016349,0,1,1
"ID_B/InsDel_B","CNS",5,367,0,5,29,338,0,0.0790190735694823,0,1,1
"ID_H/InsDel_H","CNS",5,367,0,5,3,364,0,0.00817438692098093,0,1,1
"ID_I/InsDel_I","CNS",5,367,0,5,2,365,0,0.00544959128065395,0,1,1
"C_ID1/InsDel1b","Colon",24,628,0,24,13,615,0,0.0207006369426752,0,1,1
"C_ID4/InsDel4","Colon",24,628,0,24,3,625,0,0.00477707006369427,0,1,1
"C_ID5/InsDel5a","Colon",24,628,0,24,17,611,0,0.0270700636942675,0,1,1
"C_ID6/InsDel6","Colon",24,628,0,24,10,618,0,0.0159235668789809,0,1,1
"C_ID8/InsDel8","Colon",24,628,0,24,2,626,0,0.00318471337579618,0,1,1
"C_ID9/InsDel9","Colon",24,628,0,24,14,614,0,0.0222929936305732,0,1,1
"C_ID10/InsDel10","Colon",24,628,0,24,9,619,0,0.0143312101910828,0,1,1
"C_ID19/InsDel19a","Colon",24,628,0,24,8,620,0,0.0127388535031847,0,1,1
"C_ID23/InsDel23","Colon",24,628,0,24,1,627,0,0.00159235668789809,0,1,1
"ID_C/InsDel_C","Colon",24,628,0,24,3,625,0,0.00477707006369427,0,1,1
"ID_F/InsDel_F","Colon",24,628,0,24,1,627,0,0.00159235668789809,0,1,1
"ID_G/InsDel_G","Colon",24,628,0,24,2,626,0,0.00318471337579618,0,1,1
"ID_I/InsDel_I","Colon",24,628,0,24,1,627,0,0.00159235668789809,0,1,1
"ID_K/InsDel_K","Colon",24,628,0,24,4,624,0,0.00636942675159236,0,1,1
"ID_L/InsDel_L","Colon",24,628,0,24,1,627,0,0.00159235668789809,0,1,1
"ID_N/InsDel_N_alpha","Colon",24,628,0,24,2,626,0,0.00318471337579618,0,1,1
"C_ID1/InsDel1b","Kidney",2,304,0,2,3,301,0,0.00986842105263158,0,1,1
"C_ID2/InsDel2a","Kidney",2,304,0,2,2,302,0,0.00657894736842105,0,1,1
"C_ID2/InsDel2b","Kidney",2,304,0,2,1,303,0,0.00328947368421053,0,1,1
"C_ID3/InsDel3b","Kidney",2,304,0,2,3,301,0,0.00986842105263158,0,1,1
"C_ID5/InsDel5b","Kidney",2,304,0,2,4,300,0,0.0131578947368421,0,1,1
"C_ID6/InsDel6","Kidney",2,304,0,2,4,300,0,0.0131578947368421,0,1,1
"C_ID8/InsDel8","Kidney",2,304,0,2,4,300,0,0.0131578947368421,0,1,1
"C_ID9/InsDel9","Kidney",2,304,0,2,10,294,0,0.0328947368421053,0,1,1
"C_ID10/InsDel10","Kidney",2,304,0,2,3,301,0,0.00986842105263158,0,1,1
"C_ID17/InsDel17","Kidney",2,304,0,2,1,303,0,0.00328947368421053,0,1,1
"C_ID18/InsDel18","Kidney",2,304,0,2,2,302,0,0.00657894736842105,0,1,1
"C_ID19/InsDel19b","Kidney",2,304,0,2,59,245,0,0.194078947368421,0,1,1
"C_ID23/InsDel23","Kidney",2,304,0,2,5,299,0,0.0164473684210526,0,1,1
"ID_A/InsDel_A_alpha","Kidney",2,304,0,2,3,301,0,0.00986842105263158,0,1,1
"ID_A/InsDel_A_beta","Kidney",2,304,0,2,1,303,0,0.00328947368421053,0,1,1
"ID_B/InsDel_B","Kidney",2,304,0,2,15,289,0,0.0493421052631579,0,1,1
"ID_C/InsDel_C","Kidney",2,304,0,2,1,303,0,0.00328947368421053,0,1,1
"ID_D/InsDel_D","Kidney",2,304,0,2,1,303,0,0.00328947368421053,0,1,1
"ID_E/InsDel_E","Kidney",2,304,0,2,4,300,0,0.0131578947368421,0,1,1
"ID_F/InsDel_F","Kidney",2,304,0,2,1,303,0,0.00328947368421053,0,1,1
"C_ID1/InsDel1b","Lung",2,574,0,2,1,573,0,0.00174216027874564,0,1,1
"C_ID1/InsDel1c","Lung",2,574,0,2,34,540,0,0.0592334494773519,0,1,1
"C_ID2/InsDel2b","Lung",2,574,0,2,1,573,0,0.00174216027874564,0,1,1
"C_ID3/InsDel3a","Lung",2,574,0,2,6,568,0,0.0104529616724739,0,1,1
"C_ID4/InsDel4","Lung",2,574,0,2,37,537,0,0.0644599303135888,0,1,1
"C_ID5/InsDel5a","Lung",2,574,0,2,61,513,0,0.106271777003484,0,1,1
"C_ID5/InsDel5b","Lung",2,574,0,2,3,571,0,0.00522648083623693,0,1,1
"C_ID5/InsDel5c","Lung",2,574,0,2,7,567,0,0.0121951219512195,0,1,1
"C_ID6/InsDel6","Lung",2,574,0,2,49,525,0,0.0853658536585366,0,1,1
"C_ID9/InsDel9","Lung",2,574,0,2,96,478,0,0.167247386759582,0,1,1
"C_ID10/InsDel10","Lung",2,574,0,2,6,568,0,0.0104529616724739,0,1,1
"C_ID11/InsDel11","Lung",2,574,0,2,1,573,0,0.00174216027874564,0,1,1
"C_ID14/InsDel14","Lung",2,574,0,2,5,569,0,0.00871080139372822,0,1,1
"C_ID17/InsDel17","Lung",2,574,0,2,1,573,0,0.00174216027874564,0,1,1
"C_ID19/InsDel19a","Lung",2,574,0,2,8,566,0,0.0139372822299652,0,1,1
"C_ID19/InsDel19b","Lung",2,574,0,2,170,404,0,0.29616724738676,0,1,1
"ID_A/InsDel_A_alpha","Lung",2,574,0,2,8,566,0,0.0139372822299652,0,1,1
"ID_A/InsDel_A_beta","Lung",2,574,0,2,6,568,0,0.0104529616724739,0,1,1
"ID_B/InsDel_B","Lung",2,574,0,2,103,471,0,0.179442508710801,0,1,1
"ID_E/InsDel_E","Lung",2,574,0,2,10,564,0,0.0174216027874564,0,1,1
"ID_F/InsDel_F","Lung",2,574,0,2,1,573,0,0.00174216027874564,0,1,1
"ID_G/InsDel_G","Lung",2,574,0,2,10,564,0,0.0174216027874564,0,1,1
"ID_K/InsDel_K","Lung",2,574,0,2,1,573,0,0.00174216027874564,0,1,1
"ID_L/InsDel_L","Lung",2,574,0,2,2,572,0,0.00348432055749129,0,1,1
"ID_M/InsDel_M","Lung",2,574,0,2,1,573,0,0.00174216027874564,0,1,1
"ID_N/InsDel_N_alpha","Lung",2,574,0,2,1,573,0,0.00174216027874564,0,1,1
"ID_N/InsDel_N_beta","Lung",2,574,0,2,168,406,0,0.292682926829268,0,1,1
"C_ID1/InsDel1b","Other",3,350,0,3,10,340,0,0.0285714285714286,0,1,1
"C_ID3/InsDel3a","Other",3,350,0,3,7,343,0,0.02,0,1,1
"C_ID4/InsDel4","Other",3,350,0,3,35,315,0,0.1,0,1,1
"C_ID5/InsDel5c","Other",3,350,0,3,5,345,0,0.0142857142857143,0,1,1
"C_ID6/InsDel6","Other",3,350,0,3,21,329,0,0.06,0,1,1
"C_ID9/InsDel9","Other",3,350,0,3,53,297,0,0.151428571428571,0,1,1
"C_ID10/InsDel10","Other",3,350,0,3,10,340,0,0.0285714285714286,0,1,1
"C_ID12/InsDel12","Other",3,350,0,3,2,348,0,0.00571428571428571,0,1,1
"C_ID14/InsDel14","Other",3,350,0,3,7,343,0,0.02,0,1,1
"ID_A/InsDel_A_beta","Other",3,350,0,3,6,344,0,0.0171428571428571,0,1,1
"ID_C/InsDel_C","Other",3,350,0,3,2,348,0,0.00571428571428571,0,1,1
"ID_D/InsDel_D","Other",3,350,0,3,7,343,0,0.02,0,1,1
"ID_E/InsDel_E","Other",3,350,0,3,9,341,0,0.0257142857142857,0,1,1
"ID_F/InsDel_F","Other",3,350,0,3,11,339,0,0.0314285714285714,0,1,1
"ID_I/InsDel_I","Other",3,350,0,3,2,348,0,0.00571428571428571,0,1,1
"C_ID3/InsDel3a","Prostate",19,682,0,19,3,679,0,0.00439882697947214,0,1,1
"C_ID3/InsDel3b","Prostate",19,682,0,19,13,669,0,0.0190615835777126,0,1,1
"C_ID4/InsDel4","Prostate",19,682,0,19,22,660,0,0.032258064516129,0,1,1
"C_ID5/InsDel5b","Prostate",19,682,0,19,10,672,0,0.0146627565982405,0,1,1
"C_ID5/InsDel5c","Prostate",19,682,0,19,14,668,0,0.0205278592375367,0,1,1
"C_ID8/InsDel8","Prostate",19,682,0,19,12,670,0,0.0175953079178886,0,1,1
"C_ID10/InsDel10","Prostate",19,682,0,19,11,671,0,0.0161290322580645,0,1,1
"C_ID13/InsDel13","Prostate",19,682,0,19,3,679,0,0.00439882697947214,0,1,1
"C_ID14/InsDel14","Prostate",19,682,0,19,7,675,0,0.0102639296187683,0,1,1
"C_ID17/InsDel17","Prostate",19,682,0,19,3,679,0,0.00439882697947214,0,1,1
"C_ID18/InsDel18","Prostate",19,682,0,19,4,678,0,0.00586510263929619,0,1,1
"C_ID19/InsDel19a","Prostate",19,682,0,19,15,667,0,0.0219941348973607,0,1,1
"C_ID23/InsDel23","Prostate",19,682,0,19,10,672,0,0.0146627565982405,0,1,1
"ID_A/InsDel_A_alpha","Prostate",19,682,0,19,3,679,0,0.00439882697947214,0,1,1
"ID_A/InsDel_A_beta","Prostate",19,682,0,19,3,679,0,0.00439882697947214,0,1,1
"ID_C/InsDel_C","Prostate",19,682,0,19,4,678,0,0.00586510263929619,0,1,1
"ID_H/InsDel_H","Prostate",19,682,0,19,1,681,0,0.00146627565982405,0,1,1
"ID_K/InsDel_K","Prostate",19,682,0,19,3,679,0,0.00439882697947214,0,1,1
"ID_L/InsDel_L","Prostate",19,682,0,19,2,680,0,0.00293255131964809,0,1,1
"ID_M/InsDel_M","Prostate",19,682,0,19,1,681,0,0.00146627565982405,0,1,1
"C_ID1/InsDel1b","Skin",2,430,0,2,7,423,0,0.0162790697674419,0,1,1
"C_ID2/InsDel2a","Skin",2,430,0,2,9,421,0,0.0209302325581395,0,1,1
"C_ID2/InsDel2c","Skin",2,430,0,2,5,425,0,0.0116279069767442,0,1,1
"C_ID3/InsDel3b","Skin",2,430,0,2,3,427,0,0.00697674418604651,0,1,1
"C_ID5/InsDel5a","Skin",2,430,0,2,22,408,0,0.0511627906976744,0,1,1
"C_ID5/InsDel5c","Skin",2,430,0,2,5,425,0,0.0116279069767442,0,1,1
"C_ID6/InsDel6","Skin",2,430,0,2,7,423,0,0.0162790697674419,0,1,1
"C_ID8/InsDel8","Skin",2,430,0,2,51,379,0,0.118604651162791,0,1,1
"C_ID9/InsDel9","Skin",2,430,0,2,39,391,0,0.0906976744186047,0,1,1
"C_ID23/InsDel23","Skin",2,430,0,2,3,427,0,0.00697674418604651,0,1,1
"ID_A/InsDel_A_alpha","Skin",2,430,0,2,6,424,0,0.013953488372093,0,1,1
"ID_A/InsDel_A_beta","Skin",2,430,0,2,9,421,0,0.0209302325581395,0,1,1
"ID_B/InsDel_B","Skin",2,430,0,2,79,351,0,0.183720930232558,0,1,1
"ID_E/InsDel_E","Skin",2,430,0,2,13,417,0,0.0302325581395349,0,1,1
"ID_H/InsDel_H","Skin",2,430,0,2,26,404,0,0.0604651162790698,0,1,1
"ID_I/InsDel_I","Skin",2,430,0,2,3,427,0,0.00697674418604651,0,1,1
"ID_L/InsDel_L","Skin",2,430,0,2,4,426,0,0.00930232558139535,0,1,1
"ID_N/InsDel_N_alpha","Skin",2,430,0,2,3,427,0,0.00697674418604651,0,1,1
"ID_N/InsDel_N_beta","Skin",2,430,0,2,92,338,0,0.213953488372093,0,1,1
"C_ID1/InsDel1a","Stomach",6,113,0,6,14,99,0,0.123893805309735,0,1,1
"C_ID1/InsDel1b","Stomach",6,113,0,6,7,106,0,0.0619469026548673,0,1,1
"C_ID1/InsDel1c","Stomach",6,113,0,6,9,104,0,0.079646017699115,0,1,1
"C_ID2/InsDel2a","Stomach",6,113,0,6,11,102,0,0.0973451327433628,0,1,1
"C_ID4/InsDel4","Stomach",6,113,0,6,7,106,0,0.0619469026548673,0,1,1
"C_ID5/InsDel5a","Stomach",6,113,0,6,8,105,0,0.0707964601769911,0,1,1
"C_ID5/InsDel5c","Stomach",6,113,0,6,13,100,0,0.115044247787611,0,1,1
"C_ID6/InsDel6","Stomach",6,113,0,6,13,100,0,0.115044247787611,0,1,1
"C_ID8/InsDel8","Stomach",6,113,0,6,2,111,0,0.0176991150442478,0,1,1
"C_ID9/InsDel9","Stomach",6,113,0,6,11,102,0,0.0973451327433628,0,1,1
"C_ID10/InsDel10","Stomach",6,113,0,6,2,111,0,0.0176991150442478,0,1,1
"C_ID11/InsDel11","Stomach",6,113,0,6,1,112,0,0.00884955752212389,0,1,1
"C_ID14/InsDel14","Stomach",6,113,0,6,13,100,0,0.115044247787611,0,1,1
"C_ID23/InsDel23","Stomach",6,113,0,6,1,112,0,0.00884955752212389,0,1,1
"ID_A/InsDel_A_beta","Stomach",6,113,0,6,2,111,0,0.0176991150442478,0,1,1
"ID_B/InsDel_B","Stomach",6,113,0,6,3,110,0,0.0265486725663717,0,1,1
"ID_C/InsDel_C","Stomach",6,113,0,6,1,112,0,0.00884955752212389,0,1,1
"ID_F/InsDel_F","Stomach",6,113,0,6,3,110,0,0.0265486725663717,0,1,1
"ID_G/InsDel_G","Stomach",6,113,0,6,2,111,0,0.0176991150442478,0,1,1
"ID_K/InsDel_K","Stomach",6,113,0,6,2,111,0,0.0176991150442478,0,1,1
"ID_L/InsDel_L","Stomach",6,113,0,6,2,111,0,0.0176991150442478,0,1,1
"ID_N/InsDel_N_alpha","Stomach",6,113,0,6,8,105,0,0.0707964601769911,0,1,1
"C_ID1/InsDel1b","Uterus",16,106,0,16,1,105,0,0.00943396226415094,0,1,1
"C_ID2/InsDel2a","Uterus",16,106,0,16,4,102,0,0.0377358490566038,0,1,1
"C_ID2/InsDel2c","Uterus",16,106,0,16,1,105,0,0.00943396226415094,0,1,1
"C_ID3/InsDel3b","Uterus",16,106,0,16,1,105,0,0.00943396226415094,0,1,1
"C_ID5/InsDel5c","Uterus",16,106,0,16,2,104,0,0.0188679245283019,0,1,1
"C_ID8/InsDel8","Uterus",16,106,0,16,1,105,0,0.00943396226415094,0,1,1
"C_ID17/InsDel17","Uterus",16,106,0,16,3,103,0,0.0283018867924528,0,1,1
"C_ID19/InsDel19a","Uterus",16,106,0,16,2,104,0,0.0188679245283019,0,1,1
"C_ID23/InsDel23","Uterus",16,106,0,16,1,105,0,0.00943396226415094,0,1,1
"ID_A/InsDel_A_alpha","Uterus",16,106,0,16,4,102,0,0.0377358490566038,0,1,1
"ID_A/InsDel_A_beta","Uterus",16,106,0,16,3,103,0,0.0283018867924528,0,1,1
"ID_E/InsDel_E","Uterus",16,106,0,16,3,103,0,0.0283018867924528,0,1,1
"ID_G/InsDel_G","Uterus",16,106,0,16,4,102,0,0.0377358490566038,0,1,1
"ID_L/InsDel_L","Uterus",16,106,0,16,1,105,0,0.00943396226415094,0,1,1
"C_ID17/InsDel17","Bladder",3,195,0,3,2,193,0,0.0102564102564103,0,1,1
"C_ID19/InsDel19a","Bladder",3,195,0,3,2,193,0,0.0102564102564103,0,1,1
"ID_F/InsDel_F","Bladder",3,195,0,3,2,193,0,0.0102564102564103,0,1,1
"ID_K/InsDel_K","Bladder",3,195,0,3,2,193,0,0.0102564102564103,0,1,1
"C_ID5/InsDel5b","Breast",6,947,0,6,3,944,0,0.00316789862724393,0,1,1
"C_ID12/InsDel12","Breast",6,947,0,6,3,944,0,0.00316789862724393,0,1,1
"C_ID14/InsDel14","Breast",6,947,0,6,3,944,0,0.00316789862724393,0,1,1
"ID_I/InsDel_I","Breast",6,947,0,6,3,944,0,0.00316789862724393,0,1,1
"C_ID2/InsDel2c","CNS",5,367,0,5,9,358,0,0.0245231607629428,0,1,1
"ID_A/InsDel_A_alpha","CNS",5,367,0,5,9,358,0,0.0245231607629428,0,1,1
"ID_C/InsDel_C","CNS",5,367,0,5,9,358,0,0.0245231607629428,0,1,1
"ID_L/InsDel_L","CNS",5,367,0,5,9,358,0,0.0245231607629428,0,1,1
"ID_N/InsDel_N_alpha","CNS",5,367,0,5,9,358,0,0.0245231607629428,0,1,1
"C_ID3/InsDel3b","Other",3,350,0,3,39,311,0,0.111428571428571,0,1,1
