InsDel1a	InsDel1b	InsDel1c	InsDel1d	InsDel2a	InsDel2b	InsDel2c	InsDel3	InsDel4a	InsDel4b	InsDel5a	InsDel5b	InsDel6	InsDel7	InsDel8	InsDel24a	InsDel9	InsDel10	InsDel11	InsDel12	InsDel13	InsDel14	InsDel17	InsDel18	InsDel19a	InsDel19b	InsDel19c	InsDel23	InsDel24b	InsDel25	InsDel28	InsDel29	InsDel30	InsDel32	InsDel33	InsDel34a	InsDel34b	InsDel35	InsDel36	InsDel38	InsDel39
A[Ins(C):R0]A	0.00155550345337374	0.0398192755473058	0.000352002447949585	0.00656141366883676	0.00113293239468053	0.000100571407105479	0.000648905377894488	0.000747519980052389	0.000105740015193233	0.00106642531162526	0.000566069331014616	0.00131604318614093	0.00142078332244853	5.25096625731342e-05	0.00149569482691449	0.00121288476771615	0.00120006506293181	0.00165553468589978	0.00025165771743935	0.000631341604402577	0.00603553033979558	0.313045914620494	0.000158139230218242	0.00309250177404848	0.00193640141505252	0.000758524385783301	0.00311132540621737	0.000844443179444498	0.000467202343696722	0.000585988428849806	0.00334812653146981	0.000531283069352131	0.00236510335965422	0.0447313808481515	0.000334741848799385	0.000815236502159194	0.000943811852673075	0.00540376255569702	0.0054322125775657	0.000421154285265259	0.000237695509862896
A[Ins(C):R0]T	0.000117595150786081	0.00103171823899499	6.73960857665872e-05	0.00193585350627621	0.000124376411112277	4.07487923680635e-05	3.55250467291981e-05	0.00142251035976889	6.55636855360615e-05	0.000194618238718293	0.000135055547140974	0.000660173261203661	0.000551875810161304	3.98269117646521e-06	0.000259581444602511	0.000799387026114959	0.000468835573609127	0.00107010113246237	1.19143580060713e-06	0.000574130395445895	0.000686880086764502	0.220654596832575	0.000223550951094187	0.00205012063876109	0.00137747848153685	0.0011574555930226	0.000881085147146945	0.000298378678646641	0.00104257906048874	8.37326755520991e-05	0.000272312449825672	0.000200294244340576	0.000705871592530711	0.0325774444437436	4.00321791662126e-05	2.83834758972253e-06	0.000989805834415719	0.025149581785155	3.48442115302483e-06	5.26078082607581e-05	3.66060846811441e-05
Ins(C):R(0,3)	0.00765714299773148	0.00563697892478611	0.00305481858933334	0.00816085920071983	0.000933127409732076	0.00113540094021506	0.00322410509005157	0.0206623029188922	0.00284470327812892	0.0183104111685861	0.017313726934216	0.0142185046092946	0.00245572550838187	0.000765113998847608	0.00684233097161239	0.00159859660961937	0.01594290593902	0.0191565370632627	0.382398402628784	0.00258894305280098	0.0207557974974229	0.0631725840718172	0.0532705380812924	0.000741251533740206	0.0253459272952642	0.0149457219129639	0.0123603897646785	0.00179886812856301	0.00236245434301802	0.0130060635134934	0.350091336535774	0.00118893374300018	0.0101890268306671	0.0742533100363962	0.000584786827776041	0.000435844040999616	0.00576536239756507	0.00982015541230559	0.00716496543951991	0.00641693880919758	0.00455037297126213
Ins(C):R(4,6)	0.00879423383229525	0.00301887474089106	0.00913384075806385	0.0144665721940843	0.00257455495935706	0.0161760153651605	0.0106892062262969	0.0123192375541356	0.000402282459537937	0.00733711489753365	0.00170977379717875	0.00562803439680098	8.54950301355563e-05	0.00604863254533729	0.000905399150731355	0.00101810520755468	0.00200000808265207	0.00546802953557815	0.0190895153517165	0.00169025354657097	0.0035359084179075	0.000426012789255752	0.0105850507450153	0.000356505693402708	0.00970323307622599	0.00574916784166622	0.00218496784221183	0.00190624720329684	0.00204418129862207	0.00156464813270191	0.0447052000598823	0.000268948936158149	0.00553583277776732	1.26156699236121e-05	0.00365707357934574	3.46909149854976e-06	0.00243950352590152	0.556413533106412	4.47997005388906e-06	0.0184836576395998	0.00933477344875042
Ins(C):R(7,9)	0.0169979294389965	9.64126306402911e-05	0.0130663028442118	0.00827383094468012	0.00552354327021032	0.00216047995045237	0.0185019521802557	0.000390355856153429	0.000159222405625703	0.00276228431944621	0.000149967659144486	0.00226866989276183	4.53182564531526e-05	0.00577206262486247	0.00014930210549611	0.00121129181700778	0.000166301994678323	0.00481476292199759	8.60481411549593e-07	0.00163537115209014	0.00119623685954224	0.00050910290282283	0.000204000520553052	0.000255251090413923	0.00752679669047779	0.00330211227152246	0.0100194835977315	0.00233039096680518	0.00178393409743519	0.000948630417332165	0.0126961344767449	0.00109551084158746	0.00182381057943551	1.89235048854182e-05	0.00380637225703326	0.000540232157910522	0.000795374549760165	0.0254385488342502	1.99109780172847e-06	0.0378226817006833	0.00111382332207081
A[Ins(T):R(0,4)]A	0.010542095306597	0.0101231170467937	0.00873940536429458	0.00974378322536797	0.00204694367003212	0.00190076594572684	0.000515215226541671	0.00426677916304201	0.00234453421887582	0.0130880854820308	0.0297170692615041	0.0184671087673346	0.00134155557986631	0.000648116485304825	0.00333258716207047	0.00216619116012612	0.00512912178418651	0.00496609403469075	0.0692976790433459	0.00803472045027473	0.0287327861282469	0.0530451038766348	0.0307470717406246	0.00757535265794632	0.0175238396080995	0.010321751804879	0.0199515749724436	0.00815579531337259	0.00147512862210331	0.00454588619906096	0.00611561343773092	0.00098494913490065	0.00317661192466404	0.0877016141749667	0.00120554577272679	0.00209375440535199	0.0210236620091725	0.00464079506094685	6.96884230604965e-06	0.00728520448425422	0.00363315760218786
A[Ins(T):R(0,4)]C	0.00352387172965938	0.00328411779555665	0.00555620705486016	0.0071635381525611	0.000424685306931675	0.00221465792360457	0.000325281086454616	0.00260549380861926	0.00093573818300689	0.0041916156065648	0.0131629804552032	0.00832310019367275	0.00136907473966799	0.000561107732874812	0.000369346385195245	0.00475406661865849	0.00204658551890564	0.00556362241947484	0.0722366202090546	0.00400354259258066	0.00964505584249917	0.00445512201294088	0.00234404180759078	0.00494399595639779	0.00411230888928139	0.00251465982745723	0.00729120039129462	0.00153148300984621	0.00814325585853914	0.00159702591947107	0.00908499456817531	0.000935671339585632	0.00604072116260633	0.0276144398957946	0.000388831912436175	0.00412443441982125	0.0105197204832063	0.00626357731758266	0.00312801464651543	0.00185039581042394	0.00769434016907471
A[Ins(T):R(0,4)]G	0.0044685732208825	0.00746759376582155	0.00948573286814216	0.00758133962266118	0.000870093745916552	0.00416469066403806	0.000649553688987214	0.0414211993573784	0.000379304478750931	0.00466016966415862	0.0203371972485177	0.0160584946294877	0.00189265778373575	0.00124521022960051	0.00226736136726927	0.00234901350800827	0.0022961928900171	0.00479807788357355	0.0818975097800332	0.00870068376321825	0.00526605525880389	0.00608834500066587	0.0080891733506985	0.00142324422605911	0.00441144286976183	0.00178363000506712	0.00884886824753094	0.00716065848468522	0.00222228994163983	0.00286139338697486	0.0204503335298108	0.00132659127415976	0.00705525648597071	0.0397229598884775	0.00068840900630916	0.00223283343724839	0.0271952965854049	0.00552108160287739	0.00122601847141431	0.00381184573558501	0.0120008130839997
C[Ins(T):R(0,4)]A	0.00309919313677553	0.0181561134441542	0.00446866236217063	0.00564110501382746	7.58173013644483e-05	0.00228066960617521	0.000177199029131328	0.00513083490269866	0.000508891570746456	0.00975195615191565	0.0121773678966511	0.0070168275653614	0.000459821275384035	0.000415629711147461	0.0022706760742691	0.00276239026601136	0.00290146002649154	0.0150292851568514	0.0324277053303911	0.00425389014873439	0.00654354530064058	0.00150876497158677	0.0257139321621072	0.000610674232822453	0.00617785811209439	0.00385132762824022	0.00370524480833402	0.00115984682591085	0.00285580344971589	0.00367061642284691	0.00300267979020555	0.00281548892420873	0.00388211859743353	0.0194697633931106	0.000279986332663989	0.00107037241327981	0.0196510366103462	0.00554627763985572	6.47106785561753e-06	0.00220593730226872	0.00762712548146523
C[Ins(T):R(0,4)]C	0.00311103487318735	0.0151641843377525	0.00517426019413387	0.00225290281364567	0.00012892442673464	0.00270790432355954	0.000447433701509103	0.0047178942713215	0.00054453598058794	0.00506718728521916	0.00704911269731115	0.00427189080318729	0.000983455841938436	0.000774969089112245	0.00126608603581418	0.00813873602151979	0.00254720450655276	0.00376666563933461	0.0573602866117962	0.00522578205665524	0.0246370496654706	0.000358133998196604	0.00254370286342092	0.000669976376283525	0.00962948798872649	0.00520835349723355	0.0100891887474979	0.00239572099759721	0.0223156150243812	0.00224690575510082	0.0220944433467651	0.000237197881930144	0.00508601808329224	0.0197119842556439	0.000479319822496784	0.00273932079603666	0.0248893146915905	0.00607696916871188	1.99109780172847e-06	0.00440288107577576	0.0138488435372449
C[Ins(T):R(0,4)]G	0.00285503008263614	0.00844994031134825	0.00577618006302454	0.00340061972279207	0.000117474809462646	0.00366786390535488	0.000338013195970099	0.0453861317846215	0.000585145424100914	0.00735014777785567	0.00891578877653375	0.00779931247757973	0.00112384462111784	0.0020329988412094	0.000976636467888713	0.00293992159786974	0.00198593925760392	0.00664800419617787	0.0627136724274353	0.00305618086380542	0.00399688728701242	0.000627573585377111	0.0105468634554536	0.000494054622722968	0.00474367798075916	0.00331568682037064	0.00232199050276027	0.00353345685548415	0.0029674541958269	0.00309285181153646	0.00127305226318254	0.00144962660929328	0.00761124823417152	1.7661937893057e-05	0.000684205431067958	5.04595127061784e-06	0.0228026555073788	0.0021204039869579	7.46661675648177e-06	0.00541419524369418	0.0255804059268697
G[Ins(T):R(0,4)]A	0.00461496038084143	0.000509143254400205	0.00118033884243933	0.0020270912866455	7.51883923112604e-05	0.000511964832967986	0.000107055370626651	0.0035150794641221	0.00271344683339116	0.0143325434946178	0.00937912752508997	0.00641917782897699	0.000989706980652677	7.91130107072952e-05	0.00232288064642079	0.00722172067575453	0.00747364686784563	0.0109724164256261	0.0379799947338538	0.00197592145560841	0.00235224063156879	0.00215745581787708	0.0133280035570821	0.000832373459423484	0.00713368345753135	0.0033111948275464	0.00304319656179986	0.00253029704055916	0.00296782402274347	0.00255488970444971	0.0827273744507026	0.00110113093733897	0.141978995773222	0.0350110071720084	0.000134175267469171	0.000619075146513926	0.000899544443759144	0.00262432472652458	3.48442115302483e-06	0.000407620642172211	0.00123114027709741
G[Ins(T):R(0,4)]C	0.00122116429186653	0.000373301996414535	0.000798293427497915	0.000885470972021897	0.000129593848334199	0.000368436682599755	0.000129434109086679	0.00288780198295565	0.000289658515510749	0.00270619099507936	0.00424489309658718	0.00310200640174994	0.00108183533869438	0.000233983734010396	0.000529596651570464	0.0120038232268804	0.00252330706231877	0.00540311089262697	0.0504471789514068	0.00445176175203234	0.00477047288566861	0.000797306472662631	0.00190269540598228	0.000457854117477655	0.00242591664008277	0.00115653372532074	0.00263924513518557	0.00105232448356563	0.0152585408197938	0.00141727415039641	0.00216711360526768	0.000424232679126004	0.165468180157266	0.0322481754587373	0.000147526008441228	0.000673949866581895	0.00101388193330499	0.00150703796176659	3.48442115302483e-06	0.000724312119813004	0.0029610181212617
G[Ins(T):R(0,4)]G	0.00354760628784651	0.000257959441239725	0.00289531501959843	0.00206857980002141	0.000691516370682067	0.00168664763927176	0.000141211760604538	0.0385957973286286	0.000347669957455226	0.00497920622072801	0.00726687637892875	0.00477821219453811	0.0013430758777182	0.00122697191320167	0.000938262888928017	0.0115567364056588	0.00309736654735481	0.00389089267214242	0.0486115073370602	0.00967498211276415	0.00099748384738051	0.00295701741578404	0.00442022444533761	0.000598181594349638	0.006025263585619	0.00376050019046988	0.00707318345296641	0.00570852185361164	0.00168770513374495	0.00321996972502579	0.00205814872832572	0.00080460871724597	0.28964919256175	0.0195908738243773	0.000679008487578835	0.00101486694930301	0.0021095842345484	0.00450221685756602	0.0257563433887091	0.00427969108952129	0.00786383743390134
A[Ins(T):R(5,7)]A	0.0436796622806132	0.100718979301457	0.0736907263469115	0.0539698918755765	0.00997294170886219	0.0382726283700004	0.00177236547134379	0.00110400711943426	0.000543024384548151	0.00891524632215623	0.00243471062502384	0.0141472805502251	0.00132693549753943	0.003510548407597	0.0014461585251278	0.0067760654937772	0.00255056019162751	0.00839760169694855	0.00904789585156616	0.00452255771209814	0.00506554920568908	0.00615427509538863	0.00019057101920003	0.00317749646110472	0.00587774955376644	0.00132184469384573	0.00235993773593872	0.00236057267693717	0.00591164627860186	0.00114921165528384	0.00156483752371647	0.000829784756798314	0.00380948496815951	0.00167914566683277	0.00462156359407707	0.0358489608021044	0.00931078378061322	0.00655096961436678	0.000858660926995404	0.0414486407337535	0.00242172544946929
A[Ins(T):R(5,7)]C	0.0502776516912908	0.0665614245534673	0.0875598957484514	0.0592379565635059	0.00627309289898441	0.0227621211626967	0.00309613568380401	0.000981384996148508	0.00160595462597709	0.0101680464029543	0.0011674017297286	0.0169691517395763	0.00128749926347836	0.00206147056589106	0.000905709990474907	0.00748040377243474	0.00488257672293206	0.0100982369888941	0.00663861409010511	0.00856312845484479	0.0077920259711546	0.0059902279007308	0.00111825721980727	0.00469280804071535	0.0054288732097925	0.00128578858927029	0.0022655912246154	0.00384494452057261	0.0135163971639305	0.000616992698806542	0.00779767145080941	0.00153569862440448	0.00618448495173812	0.00619681706647827	0.00229614865694416	0.0150823483478767	0.00836975362860862	0.00433529311258455	0.00298316228143968	0.0322964278921787	0.01865140654887
A[Ins(T):R(5,7)]G	0.0490651115037078	0.0250833900901128	0.0869825319477495	0.0644435641478067	0.00789550077267265	0.0300812212884153	0.0033128996982331	0.00762365172014792	0.00058048156231591	0.00927995968106468	0.00210322593127075	0.021131881365329	0.000858179300182122	0.00608288005057511	0.00119999820538187	0.00333740514386851	0.0053060885723604	0.00924453133293566	0.00717105351122088	0.00414233993534124	0.0052364219537952	0.00374781227415307	0.00145276143208	0.00267294831074485	0.00484941510888139	0.00277497292384438	0.00294641604957017	0.00529868097330667	0.00692027522814992	0.000514815654630521	0.00295738133692677	0.00188766582453096	0.00649539658830093	0.016666561536084	0.00375693955913673	0.0232987338762146	0.0140474924551165	0.0103980895104961	0.00300257548500654	0.0445948997873907	0.0261158679013157
C[Ins(T):R(5,7)]A	0.0188928474033847	0.067862853130029	0.0313463561280624	0.0270613051243817	0.00495956039550416	0.0130979200966465	0.00070630792256295	0.00111018444072841	0.000235031671909634	0.00440935950240778	0.000817772330312108	0.00686541163055756	0.00030035994824171	0.00175278125745482	0.00133304861879914	0.00278574413323211	0.000806963148057698	0.0037257180777874	0.00414394609626722	0.00269397258566175	0.00165310875606041	0.00358433723972177	0.000987159706599198	0.00317020006740396	0.00315487346002551	0.000503847637341136	0.00410078154610056	0.00215226156998188	0.00132294484593676	0.000416782544227574	0.000966459073307813	0.00104330860706723	0.00916335415619012	0.00247645600600506	0.00191100559625027	0.00295661207262764	0.00550532134541845	0.00345973082758746	0.00112745913022875	0.0145164287642528	0.00126370120454207
C[Ins(T):R(5,7)]C	0.0273311918813822	0.051711055633965	0.0483659866997509	0.0330276278265518	0.00361594829092788	0.0123528916799405	0.00182308981146912	0.00142900906462777	0.000772150219178988	0.00560368746898339	0.000927566800539618	0.0109425608240713	0.00051721271154116	0.00099291226463041	0.00102345223422076	0.00428131514349237	0.0013930246462147	0.00960424327485482	0.00489958115736339	0.00154571179476996	0.00414240209389025	0.00231783065359139	0.000575413022258576	0.00159352949744331	0.00313459107375927	0.000206437345460661	0.00247326945433177	0.00164998920239769	0.013134550872577	0.000351386470621294	0.00423858179749787	0.00186855749897582	0.00170461318862932	0.00823550932613399	0.00131804492724133	0.0031341664829625	0.0053855643356047	0.00295029845493177	0.00238483739202028	0.0175346764712836	0.0117984073188032
C[Ins(T):R(5,7)]G	0.0257190138782872	0.0196777910203415	0.0430690864973056	0.0298581244597602	0.0038652133074887	0.0134294794624196	0.002410852850151	0.00347167795641218	0.00113807119295524	0.00493467688947467	0.000886828928244292	0.0123429275893581	0.000502001274106493	0.00303859699361362	0.000451036720277381	0.00196193858423308	0.00128486478504329	0.00468113689374567	0.00437415796929564	0.00280653195199444	0.00218895789495013	0.00212675068371172	0.000975694384015495	0.000892664332792573	0.00282022119292927	0.000694509028901822	0.00206704629353819	0.00425812831180992	0.00222768941462168	0.000570486293871437	0.00172249209993133	0.000847570121760618	0.00207639344136428	0.00210807844423559	0.00178879564575605	0.00232618353575482	0.0132723571757374	0.00408490749511236	0.000997042224215532	0.0215552553906298	0.0132511068478293
G[Ins(T):R(5,7)]A	0.0187807321832692	0.0474248993903272	0.0283891319215004	0.0254941504297222	0.00448029021984419	0.0167129973403719	0.0012853787902979	0.000558767341047197	0.00200058731959829	0.00318793010101468	0.000473578858839019	0.00574671583415181	0.000577697034881048	0.00257123558729359	0.000575050774778101	0.00297623684123408	0.00211699886751233	0.00197138464907976	0.00361660337274294	0.00548614351505513	0.00200886262704737	0.0049887081067125	0.000572398236240551	0.00232301009337349	0.00205874849677077	0.000137114208552377	0.00170931770318402	0.00200861191163216	0.00377223454896427	0.000524666139009155	0.000735440030586891	0.000350156832999452	0.0117784421490732	3.78470097708364e-06	0.00162615183934646	0.00254284406843698	0.00378949163652918	0.00286604920628547	0.00284527875866999	0.024732800420761	0.00130105420125409
G[Ins(T):R(5,7)]C	0.0252699217020563	0.0468867860304239	0.0419496680859541	0.0301177179823846	0.00326314767460935	0.015028576555684	0.00238521454758587	0.000544401235824624	0.00290211811290779	0.00404289310580545	0.000612664942933559	0.00740864660059225	0.000195648568576054	0.00228592357185141	0.000398130695607054	0.00561579649287665	0.00246336512129634	0.0038402546734319	0.00252279911690779	0.0085045975843518	0.00690027052293419	0.00417066740927159	0.00161606234138971	0.00173960892859769	0.00297148430393902	0.000388167322239771	0.002795716622024	0.00180588824152092	0.0109717660818125	0.00054604155794411	0.00152438809185913	0.00029949639465884	0.00599097530075628	0.00443819267912674	0.00121704366945273	0.00698422730244391	0.00756708910468278	0.00314556774151386	3.98219560345694e-06	0.0285254326124173	0.00975898250644021
G[Ins(T):R(5,7)]G	0.030182377883637	0.0156666789604101	0.0492337383528428	0.0298044955417069	0.00465091941931446	0.0220532063537749	0.00275253080465915	0.00332240222069633	0.00310162584373053	0.0040674115661289	0.000997917991001861	0.0109177831184976	0.000472395838092275	0.00699810850590024	0.000515295272572854	0.00463448239750551	0.00240581962727718	0.00555058040254076	0.00328167753101671	0.00398545546681824	0.00375053806082428	0.00359068366968219	0.000196463555507989	0.00225988293639965	0.00276354187720657	0.000943487470877289	0.00204864061049379	0.000734198752482947	0.00586674929093085	0.000568855560365056	0.00206312050978315	0.000313531713429428	0.0127146802884694	0.00419597181659339	0.0027634013402162	0.00321616319111004	0.00623081765597212	0.00431482133253966	0.00226935371952003	0.0490522580058794	0.0221840416239728
A[Ins(T):R(8,9)]A	0.0541141953035053	0.0334214690399852	0.0631035408580907	0.00160932940482154	0.0117542966998993	0.00204601811254709	0.00214328645815023	0.00027587790425275	0.00122154169837062	0.00319534673922975	4.15484505010831e-05	0.00967828460992586	0.000375498189571336	0.00623083690230218	0.00242746309075819	0.00179296885833388	0.00164815560241809	0.00931979615691834	0.000869748134443204	0.00151978432693885	0.000540377975730075	0.00750004382771275	0.00104973935576124	0.00433879221459925	0.0108048171982047	0.00419041253609699	0.00874636203793101	0.00189712583203859	0.00353351127432148	0.000936308416024595	0.00342330170850666	0.00200979597610097	0.00585780878149044	0.00367872934972529	0.00365199208785638	0.00077644575176632	0.00155070220196547	0.00779581131632758	9.45771455821024e-06	0.0593074564156425	0.00204656854525223
A[Ins(T):R(8,9)]C	0.0531359400506145	0.0405399050541023	0.0618576720325234	0.00194924753969751	0.0103208210153811	0.00259921189158798	0.00227981297053372	0.000390546000877039	0.00131477017290814	0.00304089154124648	4.17127043581249e-05	0.0101120759234525	0.000633605853810832	0.00443037188973002	0.000416288688060068	0.00493332801596977	0.0021951135902804	0.003285859663089	0.00193197934156227	0.00389595136379645	0.000486606236243071	0.00566526722579393	0.00138442628233809	0.0058855627261007	0.0108498340656854	0.00374312833525304	0.00905538742919665	0.00375327712722078	0.00851001321169677	0.00047631245054469	0.00529080410094631	0.000439889370653223	0.00575269729346749	0.00161859045119944	0.00299808559097501	3.78446345296338e-06	0.00144336692444719	0.0048022071728393	3.48442115302483e-06	0.0524076710549927	0.00264513349355361
A[Ins(T):R(8,9)]G	0.0486366537125831	0.00811161460012339	0.0519330311810357	0.00166287914632264	0.00839457483141697	0.000588354640891229	0.00168990690351756	0.000592796749601125	0.000959857748658861	0.00282477801704085	0.000115260527576644	0.00705557993978685	0.00124951027299709	0.00612235436743725	0.00071388610837848	0.00369854521699673	0.000479436637656648	0.00425147893921917	0.00141767622096686	0.0023992999273177	0.000246134748983564	0.00403049772967421	0.000512787694520503	0.00650719959199086	0.0104330538188231	0.0030661432415759	0.00606311943874257	0.00177742574272556	0.00598465011193181	0.000588780195812725	0.00204846603048733	0.000506176659304673	0.00373969771302304	0.00426661956816562	0.0029258014146263	3.15371954413615e-06	0.00314130742041674	0.00401876789804424	0.00112347693462529	0.0520953209163004	0.00755840957462539
C[Ins(T):R(8,9)]A	0.026376620101315	0.0131499850865214	0.0324804162678091	0.00359762418086743	0.00685040247227776	0.000754612587113682	0.000839085636081559	0.000290457543299332	0.000840063045429636	0.00162853863381231	4.66510111488336e-05	0.0059693200711804	0.000456719160293218	0.00394619697666171	0.000704530657335804	0.00206219769198219	0.000648536135347512	0.003411835346212	1.52239018966467e-06	0.00110308179006032	0.000117359799295706	0.00491922535183838	0.00165804095276191	0.00206881268592723	0.0053718411171927	0.00203982192099483	0.00346425553764182	0.00083806777073782	0.00294737259425742	0.000301524048663394	0.00132161920241945	0.000951367819401356	0.00271570366944774	0.00902525026335211	0.00196404055688926	0.000711794501111528	0.00178350177170352	0.00282274351772896	5.4755189547533e-06	0.0332011350158951	0.00111744695469581
C[Ins(T):R(8,9)]C	0.032145699522627	0.0248753775610427	0.0430899799909126	0.00126628379613194	0.00672592960272174	0.00174934739550037	0.000694041036285303	0.000465309260300989	0.000278030412388727	0.00112516139077952	0.00013556094362418	0.0066372185986936	0.000624502522515569	0.00381428382039219	0.000356546939825775	0.00154211340045103	0.00202008835270477	0.00229466637609927	0.000428453552073886	0.00418907147915661	0.000526456455360516	0.00345390146590299	0.00171491077992012	0.00243035584995618	0.00522365147955104	0.00260312439251312	0.00748239695773068	0.00171770702671282	0.00679224114963508	0.000289037347338347	0.00151303278853043	0.000591801056170171	0.00152253282456901	1.38772369159733e-05	0.00154259505802135	0.000501756779472061	0.00231586172722317	0.00629271023533886	0.00121755630575696	0.0411719728909287	0.00292207516329586
C[Ins(T):R(8,9)]G	0.0355392610663929	0.00464140234912893	0.0414916437985983	0.00243671117968035	0.00854258838416785	0.000894881741469548	0.00202445043456548	0.000292371984480102	0.000391460349750223	0.00262539132946703	7.52214631109809e-05	0.00557267564974972	0.00064417257752499	0.0063903609999682	0.000621365896567437	0.00182966318363894	0.000560977367649039	0.00210719649022566	0.001454147394641	0.00384945270142867	0.000528902559015977	0.00193618063068666	0.000663207245389559	0.00241376395171875	0.00661600140992989	0.00225833179053485	0.00845143067096133	0.00229115951922064	0.00164772684406426	0.00022498429054125	0.00133981837775436	0.000258265780694215	0.0017209761907226	0.0049112803012622	0.00159740028265664	6.30743908827229e-06	0.00581586465280491	0.00225662006187202	6.96884230604965e-06	0.0495627026160828	0.00535947097507613
G[Ins(T):R(8,9)]A	0.0259743799153519	0.0119027839457118	0.0282777935106846	0.00101557124345099	0.00583264338859223	0.000437015486159256	0.000568838957942808	0.000129032902452396	0.000550780277701074	0.00128108702870619	5.09497970050241e-05	0.00443897717520546	0.000167427318769934	0.00426237861307988	0.000773644361377918	0.00218256830652285	0.000587575621939914	0.00502241514692561	0.000702020450068845	0.00273263090596084	7.63113438948609e-05	0.00304842420143053	0.000948926738461512	0.00246964523403822	0.00602109218939457	0.00242854029857166	0.00975515109929912	0.0020764968814939	0.00309293646861745	0.000546201174627715	0.00254067239477271	0.00041934866671186	0.00451366333299814	0.0022733437202349	0.00174812527359117	5.04595127061784e-06	0.00176177573027556	0.00420380129460388	2.98664670259271e-06	0.0378013852444973	0.00232134343058811
G[Ins(T):R(8,9)]C	0.0277733554653573	0.0154679222231704	0.0304071655239007	0.000449749208930571	0.00616332801292994	0.000689685976301216	0.00109039322628002	0.00025710728491994	0.000581626015484555	0.000775433476320678	2.70513467635885e-05	0.00441218278358753	0.000170638630772723	0.00383149885870206	0.000414519927395428	0.000989843439037496	0.000943398007273776	0.00345052423443543	0.000205919820871599	0.00835539820359909	8.96443813560043e-05	0.00322033800070923	0.00106179849983334	0.00347195033152114	0.00666350395851441	0.00325167521855108	0.0130367638451187	0.00188864916503159	0.00485856413368267	0.000412434260432816	0.000828737657936157	0.00131408780449666	0.00228127399210585	0.00230992916301338	0.00178879724925605	0.00370593583631439	0.00179731435433322	0.00192907158115368	4.97774450432118e-06	0.0390565185658957	0.00316741727751437
G[Ins(T):R(8,9)]G	0.0321796395940508	0.00369344192934508	0.0319362256016708	0.000887186463987185	0.00578725679705902	0.000450947505075225	0.000834070229433664	0.000188284856997221	0.000553720288973909	0.00105867871724549	4.15999620657175e-05	0.00399656131072371	0.000514589678676813	0.00642555712352027	0.00085746931275206	0.00152814786044318	0.000722985316069307	0.00242268215125665	0.000199035969579202	0.0017052355863656	0.000196111929229386	0.00306430104922287	0.000423212006924324	0.0024860422730967	0.00781394336343373	0.00353011306007044	0.0117245360040891	0.00105748211757553	0.0032417178371516	0.00101103444062094	0.00128305720611539	0.000348048053708619	0.000819814138775278	0.00864551859865139	0.00218814411292021	0.00172035401132627	0.00179530001936639	0.00264164700194718	3.98219560345694e-06	0.0521732408664086	0.00787493018683502
Ins(2,4):R0	0.00585579552073935	0.00879661042892871	0.000648829532808382	0.00173321431689948	0.000250641478552992	8.92896854107028e-05	0.00105474512050082	0.00626767815343503	0.00119507012370039	0.00524160677208554	0.0053069770026299	0.00313232373649745	0.00457074665450999	5.68694169816497e-05	0.00174511208698225	0.00880366994227473	0.00329154358285212	0.00272840451469453	0.000237360487832065	0.00848845113731924	0.0169662635812217	0.044918125655095	0.0587553474196013	0.00104671855627073	0.0664578339224631	0.0455682453158522	0.15698814409749	0.0230416344274745	0.0249825478678073	0.00214822502796248	0.145459993210142	0.000700194301133384	0.00391516573100997	0.023092983795172	0.00369128665702414	0.000411875772464181	0.000975034044658957	0.00254952399174515	0.14843932776556	0.0109236504177096	0.000773579008920356
Ins(5,):R0	9.50109454921845e-05	0.00136795971622415	8.32247497092246e-05	0.0017158350636819	7.07773476790086e-05	3.02118760264609e-05	0.000238797587261045	0.000593033239394044	0.000183132585108974	0.000251101299543224	0.00184082407719032	0.000120420113927082	0.00295698162891301	2.15214643078585e-05	0.000594482384941424	0.00262469076743554	0.000179064366041503	0.00303937282907796	0.000749479309459696	0.00183526106126715	0.00387155638036989	0.00865817273344394	0.00462326571579402	0.00179678927211018	0.116415517193972	0.336229815054226	0.217043129337013	0.0108724118825393	0.00678547331706194	0.00057502977768691	0.0343072101818156	0.000520987849701133	0.00319770428686278	0.00711902253789432	0.003586240570494	5.04595127061784e-06	0.000408286513634122	0.00740054848622997	1.49332335129635e-06	0.00350736202694049	0.000623457085884553
Ins(2,4):R1	0.00519094039649781	0.000647008983399629	0.000670340061501408	0.013388649415741	0.000321455480440622	0.000110200946367073	0.000300600243327361	0.00314390137090101	0.00154773666616759	0.0176758914892493	0.0180248052073418	0.00787805620110144	0.000195158720456854	4.36540094610034e-05	0.00418316023378637	0.0133011666444332	0.00514497063864561	0.193792713971592	0.000484715798213667	0.0132459086028813	0.0133149557920206	0.00200611584699515	0.313158065550675	0.00209788278862423	0.02245639889719	0.0120213285038831	0.0168011664659582	0.00306392113710166	0.0135286754175605	0.00755697055192053	0.0367618891713802	0.00304977231400579	0.0084044962143297	0.00592431859612825	0.000313313476594235	0.000651243085864114	0.000543438797837218	0.0024636999907877	0.00266060443755967	0.00110369608445061	0.00053630502366894
Ins(5,):R1	0.0087016175598275	0.000890079971759601	0.000661747633680354	0.0229298330400084	0.000110547164033205	4.08206263868975e-05	2.34142353442442e-05	0.00121659705117499	0.00206541671939206	0.0197986671921484	0.00915378289622429	0.0153776726843586	0.00774393201718931	4.94824910346268e-06	0.0124602696949595	0.00489245975653011	0.00859414351732374	0.285450988938257	0.00126768769184599	0.0019252309271841	0.0204621268007349	0.011219341455597	0.00435842133196809	0.00022644801696216	0.0148038212608594	0.00865329612031921	0.00394590954557203	0.0016515412681877	0.00582743668969998	0.00311504869722525	0.00224652400354605	0.00112291502529615	0.00166591709714913	1.26156699236121e-05	0.000137764702211658	0.00124477310407054	0.00063197361566508	0.00417860525762554	0.00930838222308061	5.68920521524012e-05	0.000163499783073821
Ins(2,):R(2,4)	0.00832214653054725	0.00469059475365135	0.00167329524285049	0.00949522163568965	0.0022951351041141	0.00226054473868818	0.00108984396271535	0.00461319599530784	0.0018982950054294	0.0128951224587082	0.0211798778501214	0.00509052141584837	0.00243840780093388	0.0029378866040376	0.00143557346908187	0.00647524784266383	0.00454600942117705	0.0823033600825829	0.00100669706063521	0.00619363735281795	0.00718861828536327	0.00412514595861243	0.110994508932697	0.00845205297207808	0.023772332787656	0.0147628935805726	0.0218485425550287	0.00227327494573262	0.00598121072160776	0.00493594972378653	0.0107866941870115	0.00177367237796049	0.00387410495947705	8.83096894652848e-06	0.00282511604633703	0.000864749899002132	0.0093289127953147	0.013025563741643	3.98219560345694e-06	0.0143144666313016	0.00480102481655156
Ins(2,):R(5,9)	0.031214000934399	0.0057606135937073	0.0142670734751851	0.00265570032709549	0.00918520321762681	0.00663923650630849	0.00749588690882909	0.000372600930162	0.00212704509227805	0.0082556592907114	0.00158513427717338	0.00190815776295711	0.000954743975020779	0.0144663860020863	0.0020110918788724	0.00398064670548334	0.00394406500626974	0.00380061859962108	0.00146751795195893	0.028529840380727	0.00879840441863881	0.00410899619757396	0.00594639134909893	0.00675622962269157	0.0382715126880112	0.0169060088061534	0.00588743093522428	0.00186532042231089	0.00309622792817488	0.000862610241537323	0.00546526145708674	0.000623770945984961	0.00360028376744504	0.00185576504576334	0.0167453953629519	0.00276612741216182	0.00799081885306261	0.00487070889837415	0.00337889296953322	0.124026208914873	0.0369243949241604
[Del(C):R1]A	0.00656979513754617	0.00113557136088878	0.000400350789159862	0.00367011031444691	0.000618987337664732	0.0001985756932221	0.00139700535441632	0.063691039911109	0.0112319358859322	0.0259377306648337	0.0225079655321037	0.0346303199984537	0.00712812372204528	0.00079465793827731	0.00799111213995704	0.139906158749507	0.0422072585771217	0.00406590342452035	0.00126014193177547	0.0108563896963622	0.0169307684901343	0.00299440174255203	0.00406205873068099	0.000360980237511977	0.0145460393290789	0.00873322167456438	0.0191483314923787	0.0239329977496479	0.278890989670142	0.027179010384146	0.00729951122477872	0.000670860385432135	0.0116935910061934	0.0834703184825872	0.00166198365027147	0.0182584593007762	0.00329693877678262	0.00723441211740408	0.125252993864432	0.00061520769553397	0.00701270529163731
[Del(C):R1]T	0.0068490862774749	0.00682860049237675	0.00038781726397518	0.00606060877980078	0.00139331810522018	0.000252284854882957	0.000967592300132811	0.0351255439416833	0.00339112947084252	0.0271041171670148	0.0281019766358724	0.0213832573474906	0.0219070160395514	0.0001496275994591	0.0208816693146132	0.218217204491119	0.12428258194567	0.00795781614267996	0.000201485032058228	0.0017067105022003	0.0287456707133712	0.00964845999280577	0.000956006917746268	0.0012410653277522	0.0186843125965146	0.00860265723276953	0.0184425175914518	0.00641886654879881	0.210572493546151	0.0256907962762217	0.0100416481836087	0.000361038929905917	0.0341848658111945	0.0752840102691553	0.00138079950310999	0.00540137546324198	0.0192997749604159	0.00636357408934042	0.0157396281226636	0.00104817854292485	0.00485269485971665
[Del(C):R2]A	0.00483798006066893	0.00709396307300626	0.000399149927473364	0.00397339609781793	0.000153053506436319	0.000483802116847211	0.000566344761099959	0.0993269050036788	0.00348314178461937	0.0141517585710588	0.0167802129120503	0.0535904772163656	0.00364463841616542	0.000115412091267589	0.00357739409107456	0.0617677445040307	0.0184008705389862	0.00602359031279784	1.25762667841864e-06	0.00639857302669264	0.00848745855801881	0.00241806642214773	0.00311578134962926	0.000615718920455322	0.00776322978387868	0.00466347054320835	0.00519248890501254	0.106190216216614	0.0372632423554188	0.0199232171975187	0.00296324312864509	0.000866220881997933	0.0094081569288096	7.56940195416727e-06	0.000448628030811022	0.0106087971745196	0.00956885845814936	0.00168341022061493	0.00664280004101661	0.000289283735745638	0.00308121179688244
[Del(C):R2]T	0.00453359519357548	0.000972127075612252	0.000312323663946114	0.00154630486923524	0.00030163519942083	0.00027550992739335	0.000400143009023023	0.0565767681471222	0.00637765028786195	0.0176680214524455	0.0236717915817136	0.026099536899069	0.00756157625016503	0.00016479796377021	0.00799433607074858	0.0750456500353351	0.0489258400432916	0.00224402837738876	0.000480347200278108	0.0039044127230587	0.0176341314159511	0.00351376283186314	0.00101200885195989	0.000975039246442893	0.00920744806704336	0.00610789923349911	0.00420393682260886	0.040668278459132	0.0474475729664808	0.0225776395958639	0.00312820192700111	0.000658814481086861	0.0123158667798229	8.83096894652848e-06	0.000351346091264633	0.00101265934562212	0.00584679908265267	0.00322745486169344	0.00463129348682043	0.000222404277916913	0.00318691094200316
[Del(C):R3]A	0.00229576691318936	0.00106712033543109	0.000152312325755009	0.00217379224186178	0.000125005320165465	0.00122683052323945	0.000936569413769767	0.0970361115409219	0.00122424937704531	0.00781768867593199	0.0131771247533188	0.0323059686531166	0.00522845888012719	0.000438170689185905	0.00114039124606292	0.0217353244485909	0.012104296687514	0.00486780531489149	0.000242258612790116	0.00219840086520115	0.00294139533221986	0.00100514906139664	0.000882373053184799	0.000646766482968348	0.00467795488716706	0.00239535400007014	0.00153221516104393	0.0396791111142524	0.00949157083095226	0.0130523960684101	0.00324534569134064	0.000393824479635086	0.00785356955241467	0.00298360593693427	0.000413736672634049	0.00689276943566396	0.00379078656615071	0.00554470288754458	0.00399115554356472	0.000145930735914258	0.00478192309599977
[Del(C):R3]T	0.00198368083432801	0.000968033311348275	0.000301429138208659	0.000505898580563679	0.000283205849159775	0.000395684460164853	0.000637601953935198	0.0407541010665205	0.00246857401155265	0.00703876076973525	0.0159592682468898	0.0145293352850742	0.00270103406415048	0.000595162628441689	0.0011447017405598	0.018275786362436	0.0124357008051937	0.00169830375819197	1.19143580060713e-06	0.0015467209477095	0.00505053580136897	0.00107282436450912	0.00211076131980206	0.000461787386089835	0.00354363053303058	0.00216436605976317	0.0015263271969466	0.0199921594411875	0.0129686095351143	0.0116186590329334	0.00100911818581291	0.000321071594101366	0.00277393026654863	6.30783496180606e-06	0.000445208567068179	0.00107857208409456	0.0019775014131519	0.00271566036057104	0.00108465052749159	0.000200503037055242	0.00403140222284422
[Del(C):R(4,5)]A	0.00380360548510976	0.00179190336947353	0.000964871475892618	0.00561636234125118	0.000507374307828194	0.0151614279024108	0.0099592529574909	0.0553547257668693	0.00274893922313756	0.0062748245189277	0.00960730529001055	0.0258870384402896	0.00358564670695326	0.00842074235731053	0.00190819842216811	0.00975860558047251	0.0144010038082499	0.00331019504664197	1.12524492279562e-06	0.00186933937976374	0.00470499352687413	0.00105933909858416	0.000464459761080035	0.000425211596499873	0.00521264585617088	0.00195783202145802	0.000930437413143837	0.0282341541007441	0.0151072446282271	0.00897671418591232	0.000791832922117903	0.000898270348389736	0.00765519917021333	7.56940195416727e-06	0.00499855927128802	0.0148174359061693	0.00139943523802773	0.0024054341552753	0.00225740713270966	0.000417432533414671	0.0385488546396116
[Del(C):R(4,5)]T	0.00267613920760508	0.000487441821577483	0.000419429599718767	0.00420077795977095	0.000529152695255918	0.0117796788940719	0.00570334875760469	0.0289523798435643	0.000362849020534097	0.00582026370818705	0.0100255150483654	0.0144681025823507	0.00218658741804851	0.0084438166194542	0.00221760775274152	0.00596927427145825	0.0108168607488771	0.0123201886560537	1.78715370091069e-06	0.00111169840362097	0.00417602892899732	0.000515473272541684	0.000834410548352577	0.000579915350574541	0.0032528566031484	0.00176241672150403	0.00111878272137528	0.0167788101854103	0.00309201190132604	0.00708172458482234	0.00241596354321555	0.00147829407116205	0.00469929071713754	7.56940195416727e-06	0.00473410925009151	0.00656194425548408	0.00109958709010801	0.00193300846193154	2.48887225216059e-06	0.00047155864725993	0.0330444013836923
[Del(C):R(1,5)]G	0.00313287069655038	0.000382087154762046	0.000246830103028073	0.00118325398501196	5.89110299300558e-05	0.00313895758615557	0.00344559637286512	0.0526722302752916	0.00256732397067574	0.0133019801480748	0.00934016923156532	0.0196851388663148	0.00231980534367762	0.0033594646288341	0.00455155209339743	0.0136879592731462	0.0136807907231706	0.00501053889686832	0.000245303393169446	0.0032272711006311	0.0104775535433966	0.000206971181527075	0.0017227674949974	0.000247471157269097	0.00901821296664964	0.00359881097916871	0.000667959391592497	0.0194035205818728	0.0163135460646792	0.00967901031043765	0.00277555837862718	0.000544084951179024	0.00476627538850781	1.38772369159733e-05	0.00207779124315118	0.000591637786479941	0.00214248503900664	0.00163538027512498	0.00102342427008843	0.000301210258721386	0.0163847134144018
Del(C):R(6,9)	0.00781970930248282	0.00105064816352951	0.00131160877202317	0.0102211122666636	0.0121247897239687	0.0315009942055051	0.0244456532711678	0.0205112058652656	0.0152147304351421	0.00573632053078441	0.00112359454571411	0.00697214581215428	0.00129175794304528	0.0482225834950862	0.00174600334430004	0.00451510788125591	0.00780795397176215	0.00216497481105651	0.000226703756504412	0.00996134866614434	0.000828371230382995	0.00174818649566893	0.000173852660372798	0.000721982126043837	0.00781260788722705	0.00380526334487706	0.0275511748690565	0.00375155791588415	0.0106188402553344	0.00289088689010461	0.00254059566975021	0.000829247614903479	0.00494907099530011	8.83096894652848e-06	0.0323165284363615	0.0109039853238507	0.000919879634852868	0.00668797306543647	0.000917896086596826	0.00902264724064454	0.168267610978427
A[Del(T):R(1,4)]A	0.00983472709201166	0.0156841521622594	0.00210473238819277	0.0111009485073841	0.0047296893136418	0.00689121512142694	0.00248900435122694	0.0181491111630753	0.00648901504657326	0.0203660582602358	0.0603167289242078	0.0300665272991795	0.00789809883208566	0.00340776950308576	0.00572361323297824	0.00486676687307934	0.0414751742341683	0.00315318082042447	0.000712544799640875	0.00555406727060071	0.24835681258719	0.013010851732101	0.00683260140267031	0.324868191116901	0.0165324919153057	0.0102802977987906	0.0295776544808218	0.123670822796398	0.00685463095045961	0.0285041033580938	0.00596692034414303	0.00296302389798999	0.0016789082406487	0.0635678376110968	0.00336339335671042	0.0481670739695458	0.129471188151643	0.00432190771793981	0.029038170340408	0.0021069281298844	0.0148481822538715
A[Del(T):R(1,4)]C	0.00479182312965327	0.012820474415135	0.000985733903497034	0.00731485773999162	0.00187046330136455	0.00535254178021546	0.00330145520658233	0.00387291234303986	0.00247424464792962	0.0107830777066526	0.0481327276987147	0.0230044369318837	0.00377513718488795	0.00114232404087516	0.00178977673225714	0.00271066574503512	0.0191508507702213	0.00351085267030925	0.000235176188864285	0.00451099126686809	0.00774664188565139	0.00529001390634234	0.00332603983509851	0.207335189441589	0.00546217027106416	0.00268499413006843	0.00471656059445256	0.00738396493496558	0.00308994087059327	0.0230261085934539	0.00225683584656886	0.000655691100439119	0.00440621635850336	0.0139163454927365	0.00108130258423683	0.00785465389662549	0.0718671072241054	0.00559430758534567	0.0047781369496979	0.000661549849968993	0.00230740353773478
A[Del(T):R(1,4)]G	0.00489536756816383	0.00526335570234357	0.000870873250731911	0.00621211311251987	0.00155097653776067	0.00476648960866475	0.00125271411612134	0.0121006101038176	0.00267461000155293	0.0123468711772759	0.0436798299322173	0.0210731391268427	0.00449004013966211	0.00134736864237049	0.00175402466016022	0.00286507307850916	0.0249174208645787	0.00232708926735996	0.000231932835851521	0.00685377862957186	0.00903260643587704	0.00288195669719518	0.00118426276217162	0.109590844655506	0.00564687967557847	0.0042592381273006	0.00534434738060936	0.0483876328723523	0.00192321091421362	0.022542135558763	0.00203255326082266	0.00217174425739362	0.000542299958759688	0.0334327868645645	0.00116073756882058	0.00553603928777659	0.0478861137214867	0.00192828420499811	0.00474379051261809	0.000205779043229797	0.00188102769563861
C[Del(T):R(1,4)]A	0.00462782009566444	0.000756255714414941	0.000481513399041693	0.00961143961829195	0.00162819248655936	0.00697179776760739	0.00157961898174801	0.0253963222424125	0.00206435544703016	0.0155480872544001	0.0281113818700416	0.0232486973019388	0.0053742036909396	0.00159002106635965	0.0068411701364639	0.00589297394892041	0.0337764096837986	0.00318538513039576	0.00048220054485683	0.00781006748050452	0.0615703699380284	0.00663909829520934	0.00405324276550707	0.00150566965875582	0.00788999495183903	0.00476536320969746	0.00340373004843662	0.0556200445524067	0.00454606038918514	0.0201587504225127	0.00319219059575875	0.000527582758521047	0.00471683605925719	0.0293352172733753	0.00142706849551315	0.0447317272701183	0.0159791917279512	0.00823595458729285	0.00467061766840456	0.000380037385843192	0.00352710348897326
C[Del(T):R(1,4)]C	0.00391482466049181	0.000851301266842992	0.000423807763601655	0.00431786688444793	0.00124038227808523	0.00729420396708586	0.00317648423913864	0.0130951856863279	0.00331298827366608	0.0139243908243507	0.031599520514417	0.0198912842277022	0.00349932577904687	0.00225414360353814	0.00739350760360914	0.00942689678397649	0.0277961459598713	0.00197255041595655	0.000231204736195595	0.00557751066965759	0.00662962156122959	0.00472289299895865	0.00129055680859503	0.00149387706992591	0.0102968469203723	0.00668853788714599	0.00498548292316555	0.00950688052254856	0.00484047959746263	0.0239746332774415	0.00964718949797713	0.00102745297409748	0.00417117883869424	0.0133612560160976	0.0018287139764225	0.0189197942891816	0.00836035339876341	0.00638404586938532	0.0140118530052137	0.000340946303621616	0.00481155553666994
C[Del(T):R(1,4)]G	0.00479028870431918	0.000114154765908437	0.000399352392110963	0.00809088032462809	0.000580105903577385	0.0053332751402166	0.00105395274027637	0.0260952816855911	0.00220752682525803	0.0150457907148526	0.0300437799023236	0.0256135683037533	0.0050569082244418	0.00145450730129024	0.00671389639084717	0.010429524156547	0.0370947756727934	0.00417431974406171	0.00047955290974437	0.00441915834937046	0.00632258060376393	0.00214836589160031	0.00226643390691464	0.000498637421931655	0.00690068828900611	0.00514855976871793	0.00143107662814377	0.0280130205425697	0.00443699843149008	0.0235648077839522	0.00471238950138986	0.000801495283670354	0.00238094087729134	0.00218503403076962	0.00122436284518741	0.0103804678795241	0.00386267914032404	0.00673521563477085	0.00168745538696488	0.000379445288957871	0.00236833233201518
G[Del(T):R(1,4)]A	0.00302752857528511	0.00338564763152691	0.000503921628085554	0.0166701216234978	0.00148907529607466	0.00959025739550506	0.00825819570346651	0.00792175100230525	0.00237759428710089	0.00888923024902875	0.0202905219394611	0.0134044821600015	0.00444052626101375	0.000602422193596521	0.00266239741941175	0.00273548754657954	0.0239453610874376	0.00781340677081774	0.000238750496266106	0.00809169877778382	0.118629397994446	0.00462735660498258	0.00383636088651336	0.00435435929789553	0.00470701050443149	0.00293364775918764	0.00172271629864959	0.0525469781661115	0.00322270873364015	0.014623100485088	0.00264971399673716	0.000373572240785393	0.00182036573688955	0.00975191285095217	0.00100266453915142	0.0248257648794853	0.0280363773547696	0.00516754970902514	0.00895944233332769	0.00014316691223885	0.00359490239490391
G[Del(T):R(1,4)]C	0.00207091748242277	0.00283939903570486	0.000327028595588005	0.00719148747550327	0.0014075225756454	0.0081838267022292	0.00994089014607749	0.00368773044002885	0.000973470717928007	0.0070646976533832	0.0221091241220514	0.0102263226181324	0.00403100323646267	0.000626048561637373	0.0043182984999944	0.00341717366288534	0.0183388716750888	0.00642118967821264	9.26672289361101e-07	0.00777412611042726	0.00594334236514567	0.00228632353751854	0.000440158758631709	0.00183512601131733	0.00295960257568134	0.00203610722598845	0.00141510494600575	0.00463322679635378	0.00239536893859231	0.0152509369517119	0.00155148736980301	0.000374308324122759	0.00536217476179607	0.0144462036295282	0.000921441652071423	0.00689623852716251	0.0114802225398903	0.0033392622757848	0.00100849103657547	0.000229061138613307	0.00126215561429998
G[Del(T):R(1,4)]G	0.00353013583930394	0.00130334846235712	0.000510120902465361	0.00537435920931709	0.00135002852025389	0.00512144039941287	0.00822051862408228	0.010252427645688	0.00103554941449188	0.00928450220699333	0.0200576138578409	0.011917214640983	0.00521902180615731	0.0010702234024551	0.00455875642338295	0.00471771911300133	0.0276782365919323	0.00221160548612807	0.000237625251343311	0.00178006815818954	0.00652300689262911	0.0032099601154288	0.00139785578369111	0.00158346177319745	0.00553423624214721	0.00339912992887128	0.00138429744881934	0.0264624590624739	0.00397726659150798	0.0167116797067211	0.00246150751656631	0.000458022883139956	0.00211116299621369	0.00244365526420367	0.00130983741250851	0.00548147993966304	0.0152055911799754	0.00208575943611269	0.00532021332621848	0.000273388049006506	0.0020220535612688
A[Del(T):R(5,7)]A	0.00848425828742927	0.0441537875137187	0.00328490733068738	0.0680337457327632	0.067718308000523	0.15086656628354	0.0205219604832599	0.00420869276533371	0.00660927441499878	0.00840907959088867	0.0157124841160567	0.008463354629386	0.00522197242975758	0.0462826075962277	0.00251397281726248	0.00267046289538504	0.0237168042122862	0.00714330939795354	0.00199737592884004	0.00461198418797073	0.0215070686041091	0.0104601590482379	0.000858802907952964	0.0528771672255926	0.00263461436464704	0.00120708155261882	0.00228870264274546	0.00392796810137081	0.00255842562610588	0.00568507046994739	0.00264039957900673	0.00298209243525662	0.00151202313544576	0.00217998776280017	0.0370428991954692	0.110896763306095	0.161059653378994	0.00731472448527252	0.00308968601383216	0.00218454991691823	0.0145504675554688
A[Del(T):R(5,7)]C	0.00625549486241901	0.0259759203441326	0.00237585610524975	0.0398220580886429	0.0370110575985816	0.0583558585912708	0.0459676696322407	0.00210606461528317	0.00386341288171073	0.00604497627822854	0.00989533463345477	0.00534670401186622	0.00269499362933681	0.0178071492984396	0.00211833159039804	0.0032145382344203	0.013617627148671	0.00451108065059409	0.00125544237945086	0.00167480574388118	0.00312498250171774	0.00551692690664358	0.000468570832922797	0.043276015241221	0.00240714383429492	0.000539968516734732	0.00480209834059091	0.00188382582211492	0.00684937940824439	0.0036645845388735	0.0010160848178551	0.00113314061544226	0.00204753558664669	0.00263793658102729	0.0159099734682004	0.051904862373256	0.0634740928226655	0.00829028354202738	3.98219560345694e-06	0.00131415903696964	0.00248504288321474
A[Del(T):R(5,7)]G	0.00471831091870224	0.0140473860235706	0.00124028337254911	0.0373148533852813	0.0335829042517721	0.0851066959755513	0.0147381010925474	0.00362653069317861	0.000749298443753937	0.00489111879389671	0.0112963996237794	0.00536228773873202	0.00404036341119877	0.0326658027761128	0.0013386107246528	0.00205497093838875	0.0175032841158058	0.0030971511499088	0.000992135067516681	0.00116479537367032	0.0018995182485705	0.00545965821652166	0.000470169583083871	0.0625604487453891	0.0033217110356683	0.0016358345228775	0.00344452853981968	0.000913116121168869	0.0014622956280985	0.00399570985734474	0.00198258992617641	0.00171072730554357	0.00334124912413784	0.0140563794288886	0.0250298524396125	0.0297875118382747	0.0611873909921051	0.00402427953113325	0.011134716681716	0.000651317147011609	0.0070556490358279
C[Del(T):R(5,7)]A	0.00481012213058766	0.0247452735493248	0.00107161854577323	0.0332861392696288	0.0245570831790754	0.0692998923442463	0.0111311232806373	0.00584163312886235	0.00274584145516228	0.00490096468585143	0.00569956218736994	0.0058988013158737	0.00164228233745316	0.0278806451272836	0.00207712469342089	0.0007966527967978	0.0134285330860473	0.00431370174626778	0.00100702801502427	0.00106061973945068	0.00749294194072471	0.00658173145207785	0.000441483437336599	0.00086873273881461	0.00174227565967918	0.000699179387167361	0.00143670960166996	0.0051438325633336	0.00283353986933867	0.00210714660693671	0.00372252929622224	0.00073901772364338	0.00671067005384216	1.26156699236121e-05	0.0205950661286445	0.0764496308413588	0.00407610272609543	0.00504314427644462	0.0023355577214275	0.000455542426512001	0.0123253796396706
C[Del(T):R(5,7)]C	0.00284635526587496	0.0070043410111907	0.000757880843088332	0.023353651928079	0.0203281655927877	0.0520044950250708	0.0629365401617332	0.00481296316807479	0.00723101652576321	0.00360739522134269	0.00634780218313961	0.0065611566385286	0.0011965566916216	0.0209641805357148	0.00127487482325357	0.00192011455436839	0.0129460429288023	0.00307055709303206	0.000228557101083134	0.00379340589970992	0.00207927141646927	0.00198743086553869	0.000215009057376448	0.0013687774770387	0.00186001024717847	0.000211749819314869	0.00453004658214116	0.00277394749165633	0.00286249731690572	0.00287860453880125	0.000918567314268823	0.000849539642041678	0.00213603592713872	1.26156699236121e-05	0.0173864618336101	0.0495988626425836	0.00211150264880252	0.00428726316709461	0.00233754881922923	0.000798713322717036	0.00333262534453998
C[Del(T):R(5,7)]G	0.00220333260902367	0.00264671571150643	0.000404382942048336	0.0208435572805604	0.0199184024071027	0.0517695486338916	0.00933380683654432	0.00517295477433304	0.0017026967725236	0.00333791885707905	0.00550934552983599	0.00488567939145233	0.00190508393092279	0.0268825851025551	0.00219878406809435	0.000651456347926115	0.0133607502253479	0.00383508158291615	9.92863167172608e-07	0.00166750879185685	0.000975919139357076	0.00220134936496284	0.000519045659436707	0.000318118435149155	0.00120856434444917	0.000397654486185809	0.00210833158510252	0.00166460249875906	0.00100308154579959	0.00213538452659989	0.000648541270113388	0.000389855597856585	0.00256811552121833	0.0028688033406294	0.0191213903022289	0.0234731345670053	0.00281843830144753	0.0052588853430716	0.00111849919012097	0.000337372575992358	0.00236220173722716
G[Del(T):R(5,7)]A	0.00282494565105552	0.00560266003239796	0.000570986700238289	0.017853797883455	0.0141133442042514	0.0552579031069181	0.0534247809345562	0.00168779213527812	0.0023486186833173	0.0042353018027714	0.00494011747080134	0.00512607265874704	0.00188832835687376	0.0144226504315268	0.00173403738957036	0.00133082361193491	0.0136845430691203	0.00369052649019433	0.000499013027820953	0.0019437061886925	0.00595924026636729	0.0030322720464162	0.000275167742008864	0.00150428399348327	0.00150579383738591	0.000571808625537201	0.00166226035232743	0.00135032111524857	0.00264500210727377	0.00272505328917357	0.000526932109464879	0.00192523591595301	0.00191378519576288	5.04626796944485e-06	0.0140503375978426	0.0355127742986995	0.00862643745581053	0.00353138205774459	0.00107569058738381	0.000581441256016815	0.00330010139293843
G[Del(T):R(5,7)]C	0.00257534592100579	0.00364209805747225	0.00039752485416523	0.0196743175452957	0.0135037326273182	0.0334854581253871	0.0453967566790892	0.00156800442445548	0.00251209765160533	0.0030412603157835	0.00416682197484397	0.00455218066393965	0.00156091910314878	0.010933829273163	0.000407813491158426	0.000581636713460071	0.00980654901872132	0.00335719002386252	0.000237823823976745	0.00206332962560193	0.00164693145806094	0.00128304895920715	0.000443630330410041	0.000708183209371381	0.00220307129376534	0.00035669051567826	0.00519687010664401	0.000595324681179421	0.0025316131746549	0.00200583881285293	0.00155437223064868	0.00034059769668582	0.00173733919281588	2.52313398472242e-06	0.00978496667377006	0.0308118399462102	0.00363760118795884	0.00162829388972482	6.47106785561753e-06	0.000884478556555762	0.00184035426821512
G[Del(T):R(5,7)]G	0.00274040683219335	0.00262797254629052	0.000443211160325599	0.015572549864106	0.0121893329624288	0.0391957068542312	0.0368474722964289	0.00254056869783332	0.00164116879026645	0.00403311863965579	0.00452824266298018	0.00405423173778846	0.00233774747290393	0.0130063250173849	0.00178648128081665	0.00130724390866437	0.0165448437612258	0.00157954125761911	0.000762518912388563	0.00493848397748471	0.00146575671397979	0.00210767309021696	0.000645118529281406	0.0007894178359745	0.00216045787738254	0.000801507640839427	0.00708973465912976	0.000900651838978284	0.00471865861114608	0.0016220338887915	0.000501935097137254	0.00123020414525331	0.00103987535158377	6.30783496180606e-06	0.0112504061224529	0.0158285183920193	0.00457935074530873	0.00177238372619467	0.00115334340165122	0.000696094473963999	0.00248144883126422
A[Del(T):R(8,9)]A	0.00626981293385967	0.0279012520411953	0.00181422562799975	0.00724973502577085	0.131327783389709	0.00777949569463942	0.0379534159846136	0.000642204491667096	0.0142115211446514	0.00128089526594694	8.74335915945971e-05	7.35107092916611e-05	0.000873770619831679	0.0965872470510598	0.00170363011058603	0.00289802901063279	0.00529734335379134	0.0052431093887877	0.000932761850119759	0.00218830933580581	0.00231197741089213	0.011137304691401	0.000553213234307662	0.00695505093828231	0.00452566999219531	0.00120476937324032	0.0173509029563839	0.000169676607751523	0.00210960368016244	0.000244761509306609	0.00196193555012179	0.00057879028582862	0.00608735790809075	0.00230992916301338	0.073258009156171	4.73057931620422e-06	0.0083109542317197	0.00348807636918808	0.00541678156960231	0.00553683965496146	0.0072557992745946
A[Del(T):R(8,9)]C	0.00570373042771549	0.0109840252129861	0.00142295468152924	0.0072541953048806	0.0891345325553787	0.00152457496983085	0.0946507602619625	0.000393869851922566	0.00838237656967166	0.00174967214099786	0.000523858033587482	0.00013201516476034	0.000916471226366849	0.0513292564006081	0.00071042285849235	0.00295976290795886	0.00616806561705277	0.00611000278253981	0.00149227334026043	0.0012358242151837	0.000529478634152227	0.00808445402863629	0.000649229601124168	0.00351621223316976	0.00440621466568399	0.000954836206771178	0.0222616272802822	0.000321349252338868	0.00280325104487199	0.000601186580462583	0.00270449566279586	0.000480085489116685	0.00857139591632308	0.00246257876908909	0.045139511058023	0.000687826232576094	0.00966573837798267	0.0038715285569521	0.0113004755737099	0.00330742148192631	0.00151767348054299
A[Del(T):R(8,9)]G	0.0034805297140379	0.0040744832319229	0.00149205725495558	0.00290605658529134	0.0589890725277173	0.00378046940098398	0.0206959269612483	0.000274248463591651	0.00327433501326342	0.000450595902192096	0.000381266247348859	9.83268534734571e-05	0.00100864956891051	0.0597683920404045	0.000924822508512106	0.0023489328522762	0.00172661644201608	0.00237022264180115	0.000728364419437825	0.00143641276870347	8.95061233233043e-05	0.00419840161941549	0.000346289284888645	0.00236968969224244	0.0024547281052927	0.000675281234330009	0.0127143862203095	0.000368651442031489	0.00196773807496806	0.000291430580925642	0.000798185753980172	0.000599868131664818	0.00374344908816842	3.78470097708364e-06	0.0468088555750291	5.99206713385868e-06	0.0113992654583662	0.00508881209346785	0.110095761848774	0.00246630556369336	0.00233671059098557
C[Del(T):R(8,9)]A	0.00549492068242783	0.0128963584614734	0.00239133125950769	0.0043509098989178	0.0665728080352075	0.00256053116281477	0.024331538513087	0.000517008701074528	0.0087754632476089	0.000151393204774829	0.000138229825822032	0.000144642694485928	0.000393186551326162	0.078130799258781	0.000456989438906122	0.00392599841421959	0.00104722975989594	0.00241342887667214	0.000456055148121285	0.00153818196129805	0.000645711098719765	0.00977342553182275	0.000627806348965775	0.00263798913063953	0.00171343881483781	0.00118868174920082	0.00302838392771249	0.000281282077021241	0.00241245494213762	0.000435651879563259	0.00193551145237583	0.000452482363965458	0.00106356594248243	1.38772369159733e-05	0.0542640273514254	6.62281104268591e-06	0.00235331876553496	0.00663128198223522	0.0149715621456468	0.00180106568134978	0.0844649685352954
C[Del(T):R(8,9)]C	0.00375677400356448	0.00343366718752845	0.000822257099154439	0.00937743331813451	0.0681676615898568	0.000884341044390112	0.150296600974274	0.000649006821699673	0.00845429354786073	9.62726688182578e-05	0.000268309161436057	0.000267725799426215	0.000200420166032305	0.0683613726158428	0.000357900330567614	0.00164048516406971	0.00210829430393599	0.00437228153182642	0.00071453052597522	0.000924927482657901	0.000429739643870244	0.00502160612275026	0.000214734985920264	0.000799889712591516	0.00209810672162433	0.000510883684617561	0.00382687531076976	0.000435509660678303	0.00361916318819797	0.000251177693320806	0.00108871272414525	0.000233835771551364	0.0059641463999111	8.83096894652848e-06	0.0589533500448606	3.15371954413615e-06	0.00232339150317061	0.0035368936908336	0.0336699616016789	0.00354182206566617	0.0375638773404498
C[Del(T):R(8,9)]G	0.00254962276250112	0.00108200878831084	0.000946304718755788	0.00321316923535416	0.0538155837019322	0.00438593944204688	0.021157545469351	0.000249204367774165	0.00281902909188195	0.000338240005355072	0.000170390536647568	7.10372295556635e-05	0.00044603554974371	0.0933264920553175	0.00060233315156177	0.00120758568611918	0.000259826058470701	0.00152934042148739	0.000222136585935418	0.000707649092061219	7.43101474984729e-05	0.00305431338200489	0.000351176892523929	0.000681602973960997	0.00120775676457656	0.000859775875449222	0.00346073203156783	0.000156615377180163	0.00103277864719977	0.000321105050741264	0.00213534944595634	0.000887298727834131	0.00130851468300639	0.0033986614774211	0.0622772475931537	6.30743908827229e-06	0.00109387980770199	0.00946662351845334	0.20378935778136	0.00175988957223918	0.0710067599901943
G[Del(T):R(8,9)]A	0.00203346109729296	0.00705754500587691	0.000412115162969963	0.000827711677159825	0.0386091675902916	0.00154105142530867	0.0625546579151552	0.000209782905315395	0.00502992043735757	0.000488491949983754	4.40491911766377e-05	0.000102539903706835	0.000129137652284572	0.0389674936868149	0.000131226636868817	0.00104360048446188	0.00209833273193611	0.0047303176838602	0.00102337716184371	0.00079350471907084	0.000582360559121085	0.00348551391691294	0.000170746517202712	0.000560292309553407	0.00121564272365941	0.000514481033938877	0.00577843405654068	0.000289543842611169	0.00115082739896735	0.000121525229562519	0.000360392775645538	0.000435502711845406	0.00126456374696458	6.30783496180606e-06	0.0336207872723817	4.73057931620422e-06	0.0021365859151752	0.00439670845271924	0.0101237367728884	0.00209663833187022	0.0085669700665242
G[Del(T):R(8,9)]C	0.00180976127364787	0.0017610656707843	0.000252547318746932	0.00121890982570588	0.0328477500811418	0.000553413061835223	0.0670534116466321	0.000296183541582087	0.00454112133389522	0.000375963699573639	6.28635471802862e-05	0.0001262431160956	0.000262716235320127	0.0265357038686815	0.000350176100480042	0.000541986355574658	0.00116472928155699	0.00200322465690206	0.00049537252954132	0.000826884393224671	0.000178179153372647	0.00234895712750516	0.000143065300128115	0.000733312826449567	0.00158143326057653	0.000432492073167547	0.0236745995778747	0.000181352918079484	0.00129346964068652	0.000249486976474726	0.000649676800446257	0.000179584440173061	0.00369508992141103	0.00327124321119262	0.0243730059254873	4.09983540737699e-06	0.00302054324311958	0.00290226850944182	0.00474130164036592	0.00250049915882064	0.00376903643045682
G[Del(T):R(8,9)]G	0.0017996817958336	0.000526287759848792	0.000528322366261338	0.000949023351289828	0.0241422703938605	0.000464762321118359	0.038072948342335	0.000174168668643721	0.00178986452138356	0.000317526521886223	0.000110274596886556	0.000132478215899931	0.00015751193156592	0.0319884660861998	0.000220855763985401	0.00107325356435727	0.000301946828495338	0.00202566566928024	0.00024020669557796	0.000396519478087835	5.04765897076548e-05	0.00185632717245964	0.000473275726253958	0.000643208498700816	0.00126797806166385	0.000847189846652021	0.00597155464274082	0.000213182205742414	0.000668092324774897	0.000166039984286276	0.00110919830515039	0.000321797730366606	0.000930428616797481	1.26156699236121e-05	0.0286610671762624	3.46909149854976e-06	0.00289292073486393	0.00386916642848538	0.0349193754722635	0.00197539169217864	0.0178434769816983
Del(2,4):R1	0.00777382495103441	0.000355186342509165	0.000538698411127905	0.00314557885192178	0.000949500265972584	0.000445934246708176	0.000974396565166192	0.00730727039097723	0.0376011063781583	0.0420413825820108	0.0449122198181883	0.0191662301716887	0.0156883134221198	0.00120496861101991	0.0142893882857325	0.0884216651991289	0.0220062245167226	0.00421155142368916	0.000208302692472813	0.00325459585714773	0.019353387777964	0.00655834709604111	0.0736526384562176	0.0113969236585472	0.026058963472401	0.0193013477859759	0.0109537922313645	0.0305823580072316	0.00465453062381369	0.0725373036974169	0.0111627081772363	0.106310616525001	0.00654895221245815	0.0298499366062586	0.00495551571912811	0.025776295950088	0.00153554672935789	0.00484236335677352	0.0142094694620352	0.000367835960742116	0.00249700087087724
Del(5,):R1	0.00585915671392561	0.000164893537588962	0.000342280931620441	0.00397639161071117	0.000108694197328951	0.000162046204276078	0.000103537682660562	0.00411456419704274	0.00243335124235225	0.0409337399226583	0.0516359086918796	0.0461865469435967	0.0741247417260412	2.1330109423041e-05	0.219151977079547	0.00169543994711533	0.013339789829642	0.0210000516580447	0.000943153817936166	0.00913446427291967	0.0383542760663262	0.000422869498973582	0.020289509901311	0.0018906680943253	0.0413743325239414	0.153119270045402	0.0208703755431589	0.0109899629576815	0.00147083862987116	0.124141029806766	0.0017332182580756	0.00628539572362438	0.00172103457788439	7.56940195416727e-06	0.000432387782845012	0.00103788910197521	0.000638783986267223	0.00577697885343859	0.0012568804873411	9.49067868217335e-05	0.00163925005269612
Del(2,8):U(1,2):R(2,4)	0.0145979122143543	0.000232963574036687	0.000843071320892761	0.0167562525162473	0.00280624428288392	0.00610616759475463	0.00373456603524658	0.0312048857821002	0.156286630837404	0.0584639872080731	0.0307734674571108	0.0192736714448905	0.00625185387711564	0.00839130005555735	0.0108077685959966	0.0245559239564369	0.0182742522123365	0.00568129201360071	0.00173671625201833	0.00669037348051648	0.00625166486822213	0.00382433810595799	0.0162696124963063	0.0163416990516608	0.0341662628894202	0.0184867396728559	0.0113972440155452	0.0777749002212721	0.0036642081066356	0.0340913379509925	0.0159584517430605	0.422125839514237	0.00844192238504082	0.00303659175061344	0.00624019742368927	0.0674492306343486	0.00097062169187447	0.00152278548487805	0.0050802860411102	0.00101882533983506	0.0352868383650788
Del(2,):U(1,2):R(5,9)	0.00397304817809583	0.000163115588875775	0.00020517487851471	0.000754169856217097	0.00826532051680474	0.00136731139891398	0.00639746482989609	0.00756962982833111	0.0434778934772764	0.0129405026886827	0.00601845278952807	0.00388516711833417	0.00393240611487512	0.0280669940428357	0.00240006242982432	0.00145247665261548	0.0133347013628505	0.00512063100629507	0.000227167092649093	0.269580536265425	0.00282397703914109	0.000712097690474288	0.00225391797708224	0.00992500072278321	0.0321881261932329	0.019131189971275	0.0136904205837661	0.0020439990116445	0.00401121670244865	0.00887366789164406	0.00574693435965634	0.0405242325846288	0.000747195106291712	0.00202355345574738	0.231179739781391	0.0208763618943636	0.0011031841168345	0.00417860525762554	0.0307425500586876	0.00616737631593004	0.0035272809730202
Del(3,):U(3,):R2	0.0135651772179431	0.000181403061354268	0.000935610515172995	0.016091209065673	0.000752779057470516	0.0029538110737176	0.00177280968449992	0.000387396268690035	0.196487607828104	0.0715664944917875	0.0116691732663777	0.0135458218159531	0.0130503944040969	0.00297530997297033	0.00637658300400298	0.0103788441273011	0.0189316544324476	0.00408819871603893	0.00147929992820937	0.00424581692521812	0.000921037790530711	0.00158879079607451	0.0151868018514989	0.00144034853176712	0.025719977379439	0.0147315022016698	0.000880644708887696	0.001136709106672	0.00346431665823215	0.0134718229629183	0.00311383900279077	0.0252211097361494	0.00349533284411704	0.00254458062359256	0.00207231849766264	0.00808519079530184	0.000531592589817997	0.00257629478103463	0.00389856949578435	0.000167003041136481	0.0216542221631858
Del(3,):U(3,):R(3,9)	0.00605919543789895	0.000105638540979727	0.000302764976320223	0.00079556599694872	0.000567884618755467	0.00136024519990341	0.00163781390664092	9.33580273722815e-05	0.101348616443172	0.03118059282308	0.00247821651498103	0.00390494691093208	0.00198857573601829	0.00339275724182703	0.00183921400545296	0.00435926487575103	0.0115344741119895	0.0038305642362686	0.000216311788688005	0.350968720838876	0.000195739696064424	0.000485043445598296	0.0013266885622353	0.00119808083627671	0.016791428620317	0.00859879609034819	0.00076905156257063	0.000538710096746708	0.00462350214551387	0.00283579371759164	0.00297004096563781	0.00363238227553101	0.00131347759175904	0.0101329060826453	0.00422874538064924	0.013522518661347	0.000501473486028237	0.00178813124930612	0.00652034752621031	0.000904123485358015	0.0191042349091286
Del(2,5):M1	0.00845992338299964	0.00017972222748676	0.000509567070626004	0.00650063246889737	0.000688134537644526	0.000651360636884343	0.000869568263200665	0.00775374016403868	0.0660715330442682	0.0458552131309728	0.0368214801094085	0.0168071928990961	0.014320923544664	0.00145232460081719	0.0162438963281016	0.0392318070621974	0.0197889484614921	0.00781639404843951	0.000450097969118249	0.0104403858038264	0.0056737232485308	0.000801328352079269	0.0598329507067412	0.00633720300087177	0.029603349810856	0.0228614487705557	0.0194530220439349	0.0555495330096695	0.00974815674566515	0.0690567073780676	0.0110101021075013	0.277196143181936	0.00332697346307875	0.00624601817918036	0.0039026744580817	0.0518376881469659	0.000717151208548224	0.00590847067141927	0.0124229569594344	0.00125254078289334	0.00807543539369559
Del(3,5):M2	0.00755427870303851	0.000239440387206153	0.000381186279283455	0.00710688732943045	0.00020467034885072	0.00138893721932086	0.00108847530596404	0.000394211592667278	0.111860906408803	0.0457650380520782	0.0159362056446783	0.0101018834348547	0.0230033430388523	0.00174539746847312	0.00575133573683242	0.00852427445359905	0.0134922405584224	0.00431610614045116	0.000719627223566706	0.00680627081426455	0.000618102033112909	0.0010637320442565	0.0277864148351956	0.00394353119560497	0.0195558861946261	0.013418669656437	0.00099886761005451	0.000607215892924462	0.00299593086840242	0.0295181013823625	0.00269927836126646	0.0215371717857864	0.00109430678316793	0.00359925062920654	0.0017733884160383	0.00841097002421111	0.000397975037018201	0.00349201324996595	0.000725755148730028	0.000457737414251155	0.0136383622479127
Del(4,5):M(3,4)	0.00412625877649668	0.000140510240950971	0.000371216234933555	0.00290816796001785	0.000168815780727949	0.000306077192776147	0.000383554048793868	0.000150194840735213	0.0787481130254721	0.0308759609881103	0.00684095640845603	0.00596548246781696	0.0149766840677278	0.000493860607205401	0.00117507325921966	0.00209704500102286	0.00961288291759197	0.00321190632684271	0.000756032206363035	0.00253522506555807	4.45935331623829e-05	0.000397376050218948	0.00743574132057951	0.000745560086697035	0.0102861016920108	0.00751092554980293	0.00339647440763952	0.000420036758648612	0.000994279665185337	0.0107736401765961	0.0020278883794552	0.0187224288919872	0.000845183360575567	7.56940195416727e-06	0.000688625478808707	0.000943277515651122	0.000401715944813745	0.0030542321074674	0.00100002887091813	0.000189919305230131	0.00500384471119097
Del(6,):M1	0.0049218961601367	4.59801442422898e-05	0.000134710757181547	0.00390391867322373	8.3195407726157e-05	4.88887209233094e-05	0.000122848949191118	0.00416364102665122	0.00129841223701646	0.0342052419809812	0.0336602377418685	0.0360627463507487	0.100808499011592	2.64283054690328e-05	0.245386843183003	0.0020089003842306	0.0110174821501123	0.00601630426981791	0.000206714111405337	0.00985554286179161	0.0295072207730269	0.00225768919245758	0.00933925894093034	0.00171672380058077	0.0301227749315452	0.0502894865479657	0.0244168075875922	0.00692276261597871	0.00328539439599794	0.0951752611163481	0.00153548253011135	0.00278775648711986	0.00276102670379175	0.00586628651447964	0.00171644492415748	0.00087074196613599	0.000216684890003402	0.00641002928251923	0.00275070161308788	0.000214859271892539	0.000966127014343174
Del(6,):M2	0.00363966696037556	0.000166731249284105	9.85638563006313e-05	0.00316570289228382	7.39633700757564e-05	5.07148172968272e-05	6.3819623910353e-05	0.00354304416556898	0.000281004843305732	0.0260626116976828	0.0191852528758447	0.0232634407429528	0.217138870743703	9.59472214267209e-06	0.159483567769172	0.00218695194556083	0.0113201772502304	0.00575735830231118	0.000461615181857451	0.00282632687503915	0.0156019297694606	0.00204027788227815	0.0196453963007023	0.00154920264273503	0.0191948081476759	0.0212245731567604	0.00415189556513444	0.00264405152399967	0.00324423266018424	0.0584054799811282	0.00276432583533448	0.00317413060973215	0.0093234225602534	0.00277166268221758	0.000168531056647265	0.000396737918652327	0.000446223155509441	0.00438725993885237	0.00199358667398063	7.13201844686305e-05	0.000608149086836074
Del(6,):M3	0.0022778903919399	4.07583536938965e-05	7.8756601542959e-05	0.00370851094228529	0.000125422985226861	5.17469587253373e-05	9.00041885999039e-05	0.00204462664611406	0.000885981719055798	0.0147355604942273	0.00878028809172103	0.0124494061095148	0.164114023772294	1.99567460038094e-05	0.0732861884436457	0.00176257777849006	0.00699026120197725	0.0134458094360231	0.000230609018295291	0.005044910799031	0.00597579223443591	0.00166634124954034	0.0134858230372681	0.000774947737685654	0.0100923657677765	0.00740750363434607	0.00183706797932722	0.00269049410802397	0.00120619048837715	0.0252696898482019	0.00191648364679802	0.00191811381231039	0.00673371838596106	7.56940195416727e-06	0.000281774235160247	0.00117002995087451	0.000127142904692125	0.00709032228093424	0.00108365497859072	9.12675056087435e-05	0.000383099315317574
Del(6,):M(4,)	0.00428954027633691	8.58644643250818e-05	0.000208566429004855	0.00307867466527552	0.00030355665162014	8.30212220829751e-05	0.00012214060929351	0.00242699512448138	0.00304358571874925	0.0214387931100976	0.0065555706773855	0.0118115379680699	0.177507523332723	1.95501952977052e-05	0.066502278839056	0.00499668712629704	0.00784387870113961	0.00867643856179049	0.000732799208251196	0.00178146544687505	0.0216039998928039	0.00324335607844196	0.0066518969558929	0.00115869041410188	0.0225741811983965	0.0136758453985882	0.00568102765836363	0.000668606064403376	0.00301401540462245	0.0186864959496153	0.00214971237016668	0.00175006797580415	0.00645475912369103	0.00295837459708704	0.000571020780304854	0.00057145398139747	0.000353180064184386	0.00696119259142028	0.00587871625960331	0.000112460344839764	0.000447163661093887
Complex	0	0	0	0	0	0	0	0	0	0	0	0	0	0	0	0	0	0	0	0	0	0	0	0	0	0	0	0	0	0	0	0	0	0	0	0	0	0	0	0	0
